=== INSERT PENGIRIMAN ULANG (GAGAL KIRIM ≤ 3 HARI) ===
Waktu Jalan    : 2026-09-27T10:49:48.061284
Waktu Eksekusi : 21263.38 ms
Total Record   : 12448
Database : CouchDB + Valkey (bulk read/write)

=====================================================
ID_PESANAN | ID_PENGIRIMAN_GAGAL | ID_PENGIRIMAN_BARU
-----------+---------------------+-------------------
100        | 100                 | 87149             
10002      | 10002               | 87150             
10003      | 10003               | 87151             
10004      | 10004               | 87152             
10006      | 10006               | 87153             
10011      | 10011               | 87154             
10014      | 10014               | 87155             
10029      | 10029               | 87156             
10030      | 10030               | 87157             
10038      | 10038               | 87158             
10039      | 10039               | 87159             
10040      | 10040               | 87160             
10044      | 10044               | 87161             
10048      | 10048               | 87162             
10050      | 10050               | 87163             
10054      | 10054               | 87164             
10058      | 10058               | 87165             
10060      | 10060               | 87166             
10064      | 10064               | 87167             
10068      | 10068               | 87168             
1007       | 1007                | 87169             
10074      | 10074               | 87170             
10078      | 10078               | 87171             
1008       | 1008                | 87172             
10082      | 10082               | 87173             
10083      | 10083               | 87174             
10084      | 10084               | 87175             
10089      | 10089               | 87176             
10093      | 10093               | 87177             
10094      | 10094               | 87178             
10096      | 10096               | 87179             
10099      | 10099               | 87180             
101        | 101                 | 87181             
1010       | 1010                | 87182             
10105      | 10105               | 87183             
10106      | 10106               | 87184             
10107      | 10107               | 87185             
10110      | 10110               | 87186             
10112      | 10112               | 87187             
10114      | 10114               | 87188             
10118      | 10118               | 87189             
10126      | 10126               | 87190             
1013       | 1013                | 87191             
10134      | 10134               | 87192             
10137      | 10137               | 87193             
1014       | 1014                | 87194             
10141      | 10141               | 87195             
10142      | 10142               | 87196             
10148      | 10148               | 87197             
10152      | 10152               | 87198             
10154      | 10154               | 87199             
10157      | 10157               | 87200             
10158      | 10158               | 87201             
1016       | 1016                | 87202             
10166      | 10166               | 87203             
10172      | 10172               | 87204             
10175      | 10175               | 87205             
10179      | 10179               | 87206             
10180      | 10180               | 87207             
10186      | 10186               | 87208             
10189      | 10189               | 87209             
10192      | 10192               | 87210             
10196      | 10196               | 87211             
10198      | 10198               | 87212             
1020       | 1020                | 87213             
10205      | 10205               | 87214             
10206      | 10206               | 87215             
10207      | 10207               | 87216             
1021       | 1021                | 87217             
10215      | 10215               | 87218             
10228      | 10228               | 87219             
10232      | 10232               | 87220             
10234      | 10234               | 87221             
10237      | 10237               | 87222             
1024       | 1024                | 87223             
10240      | 10240               | 87224             
10241      | 10241               | 87225             
10243      | 10243               | 87226             
10251      | 10251               | 87227             
10252      | 10252               | 87228             
10262      | 10262               | 87229             
10263      | 10263               | 87230             
10266      | 10266               | 87231             
10269      | 10269               | 87232             
10278      | 10278               | 87233             
10286      | 10286               | 87234             
10288      | 10288               | 87235             
10289      | 10289               | 87236             
10290      | 10290               | 87237             
10291      | 10291               | 87238             
10293      | 10293               | 87239             
10295      | 10295               | 87240             
103        | 103                 | 87241             
10304      | 10304               | 87242             
10305      | 10305               | 87243             
10306      | 10306               | 87244             
10309      | 10309               | 87245             
10310      | 10310               | 87246             
10311      | 10311               | 87247             
10314      | 10314               | 87248             
10317      | 10317               | 87249             
1032       | 1032                | 87250             
10325      | 10325               | 87251             
10326      | 10326               | 87252             
10327      | 10327               | 87253             
10333      | 10333               | 87254             
10335      | 10335               | 87255             
10338      | 10338               | 87256             
10343      | 10343               | 87257             
10344      | 10344               | 87258             
10347      | 10347               | 87259             
1035       | 1035                | 87260             
10360      | 10360               | 87261             
10363      | 10363               | 87262             
10371      | 10371               | 87263             
10372      | 10372               | 87264             
10375      | 10375               | 87265             
10377      | 10377               | 87266             
10378      | 10378               | 87267             
10384      | 10384               | 87268             
10388      | 10388               | 87269             
10389      | 10389               | 87270             
10396      | 10396               | 87271             
104        | 104                 | 87272             
10407      | 10407               | 87273             
1041       | 1041                | 87274             
10415      | 10415               | 87275             
10416      | 10416               | 87276             
10420      | 10420               | 87277             
10429      | 10429               | 87278             
10431      | 10431               | 87279             
10435      | 10435               | 87280             
1044       | 1044                | 87281             
10444      | 10444               | 87282             
10447      | 10447               | 87283             
10448      | 10448               | 87284             
10451      | 10451               | 87285             
10452      | 10452               | 87286             
10456      | 10456               | 87287             
10458      | 10458               | 87288             
10459      | 10459               | 87289             
10460      | 10460               | 87290             
10461      | 10461               | 87291             
10465      | 10465               | 87292             
10467      | 10467               | 87293             
10469      | 10469               | 87294             
1047       | 1047                | 87295             
10472      | 10472               | 87296             
10473      | 10473               | 87297             
10476      | 10476               | 87298             
10477      | 10477               | 87299             
1048       | 1048                | 87300             
10480      | 10480               | 87301             
10481      | 10481               | 87302             
10482      | 10482               | 87303             
10487      | 10487               | 87304             
10490      | 10490               | 87305             
10496      | 10496               | 87306             
10497      | 10497               | 87307             
10503      | 10503               | 87308             
10506      | 10506               | 87309             
10507      | 10507               | 87310             
10510      | 10510               | 87311             
10514      | 10514               | 87312             
10516      | 10516               | 87313             
10523      | 10523               | 87314             
10529      | 10529               | 87315             
1053       | 1053                | 87316             
10538      | 10538               | 87317             
10539      | 10539               | 87318             
1054       | 1054                | 87319             
10542      | 10542               | 87320             
10546      | 10546               | 87321             
10549      | 10549               | 87322             
10550      | 10550               | 87323             
10553      | 10553               | 87324             
10555      | 10555               | 87325             
10557      | 10557               | 87326             
10562      | 10562               | 87327             
10565      | 10565               | 87328             
10567      | 10567               | 87329             
10570      | 10570               | 87330             
10575      | 10575               | 87331             
10578      | 10578               | 87332             
10582      | 10582               | 87333             
10586      | 10586               | 87334             
10588      | 10588               | 87335             
1059       | 1059                | 87336             
10593      | 10593               | 87337             
10594      | 10594               | 87338             
1060       | 1060                | 87339             
10601      | 10601               | 87340             
10603      | 10603               | 87341             
10604      | 10604               | 87342             
10607      | 10607               | 87343             
10608      | 10608               | 87344             
10609      | 10609               | 87345             
10610      | 10610               | 87346             
10611      | 10611               | 87347             
10618      | 10618               | 87348             
10619      | 10619               | 87349             
10623      | 10623               | 87350             
10632      | 10632               | 87351             
10634      | 10634               | 87352             
10638      | 10638               | 87353             
1064       | 1064                | 87354             
10641      | 10641               | 87355             
10643      | 10643               | 87356             
10647      | 10647               | 87357             
1065       | 1065                | 87358             
10653      | 10653               | 87359             
10656      | 10656               | 87360             
10659      | 10659               | 87361             
10664      | 10664               | 87362             
10667      | 10667               | 87363             
10668      | 10668               | 87364             
10679      | 10679               | 87365             
10681      | 10681               | 87366             
10687      | 10687               | 87367             
10695      | 10695               | 87368             
10697      | 10697               | 87369             
10704      | 10704               | 87370             
10708      | 10708               | 87371             
1071       | 1071                | 87372             
10711      | 10711               | 87373             
10713      | 10713               | 87374             
10715      | 10715               | 87375             
10716      | 10716               | 87376             
10719      | 10719               | 87377             
10721      | 10721               | 87378             
10722      | 10722               | 87379             
10726      | 10726               | 87380             
10729      | 10729               | 87381             
1073       | 1073                | 87382             
10732      | 10732               | 87383             
10733      | 10733               | 87384             
10734      | 10734               | 87385             
10735      | 10735               | 87386             
10744      | 10744               | 87387             
10745      | 10745               | 87388             
10746      | 10746               | 87389             
10754      | 10754               | 87390             
10755      | 10755               | 87391             
10756      | 10756               | 87392             
10773      | 10773               | 87393             
10774      | 10774               | 87394             
10777      | 10777               | 87395             
10781      | 10781               | 87396             
10785      | 10785               | 87397             
10794      | 10794               | 87398             
10795      | 10795               | 87399             
10797      | 10797               | 87400             
10799      | 10799               | 87401             
108        | 108                 | 87402             
10800      | 10800               | 87403             
10801      | 10801               | 87404             
10803      | 10803               | 87405             
10806      | 10806               | 87406             
10811      | 10811               | 87407             
10815      | 10815               | 87408             
10816      | 10816               | 87409             
10817      | 10817               | 87410             
10821      | 10821               | 87411             
10825      | 10825               | 87412             
10826      | 10826               | 87413             
10830      | 10830               | 87414             
10831      | 10831               | 87415             
10837      | 10837               | 87416             
10839      | 10839               | 87417             
1084       | 1084                | 87418             
10841      | 10841               | 87419             
10843      | 10843               | 87420             
10845      | 10845               | 87421             
10846      | 10846               | 87422             
10847      | 10847               | 87423             
10848      | 10848               | 87424             
10849      | 10849               | 87425             
10856      | 10856               | 87426             
10857      | 10857               | 87427             
10860      | 10860               | 87428             
10862      | 10862               | 87429             
10865      | 10865               | 87430             
10867      | 10867               | 87431             
10871      | 10871               | 87432             
10872      | 10872               | 87433             
10881      | 10881               | 87434             
10882      | 10882               | 87435             
10884      | 10884               | 87436             
10887      | 10887               | 87437             
10894      | 10894               | 87438             
10898      | 10898               | 87439             
10899      | 10899               | 87440             
109        | 109                 | 87441             
10904      | 10904               | 87442             
10907      | 10907               | 87443             
10909      | 10909               | 87444             
10910      | 10910               | 87445             
10917      | 10917               | 87446             
10920      | 10920               | 87447             
10929      | 10929               | 87448             
10933      | 10933               | 87449             
10934      | 10934               | 87450             
10945      | 10945               | 87451             
10946      | 10946               | 87452             
10949      | 10949               | 87453             
10954      | 10954               | 87454             
10960      | 10960               | 87455             
10961      | 10961               | 87456             
10964      | 10964               | 87457             
10968      | 10968               | 87458             
10970      | 10970               | 87459             
1098       | 1098                | 87460             
10986      | 10986               | 87461             
10988      | 10988               | 87462             
10992      | 10992               | 87463             
10995      | 10995               | 87464             
10996      | 10996               | 87465             
11000      | 11000               | 87466             
11001      | 11001               | 87467             
11009      | 11009               | 87468             
11011      | 11011               | 87469             
11012      | 11012               | 87470             
11017      | 11017               | 87471             
11021      | 11021               | 87472             
11022      | 11022               | 87473             
11023      | 11023               | 87474             
11029      | 11029               | 87475             
11030      | 11030               | 87476             
11032      | 11032               | 87477             
11039      | 11039               | 87478             
11040      | 11040               | 87479             
11049      | 11049               | 87480             
11051      | 11051               | 87481             
11052      | 11052               | 87482             
11056      | 11056               | 87483             
11060      | 11060               | 87484             
11061      | 11061               | 87485             
11062      | 11062               | 87486             
11067      | 11067               | 87487             
11071      | 11071               | 87488             
11073      | 11073               | 87489             
11081      | 11081               | 87490             
11083      | 11083               | 87491             
11084      | 11084               | 87492             
11088      | 11088               | 87493             
1109       | 1109                | 87494             
11090      | 11090               | 87495             
11093      | 11093               | 87496             
11094      | 11094               | 87497             
11100      | 11100               | 87498             
11104      | 11104               | 87499             
11106      | 11106               | 87500             
11111      | 11111               | 87501             
11112      | 11112               | 87502             
11113      | 11113               | 87503             
11115      | 11115               | 87504             
11123      | 11123               | 87505             
11124      | 11124               | 87506             
11131      | 11131               | 87507             
11133      | 11133               | 87508             
11136      | 11136               | 87509             
11137      | 11137               | 87510             
11142      | 11142               | 87511             
11146      | 11146               | 87512             
11152      | 11152               | 87513             
11153      | 11153               | 87514             
11155      | 11155               | 87515             
11160      | 11160               | 87516             
11161      | 11161               | 87517             
11165      | 11165               | 87518             
11170      | 11170               | 87519             
11171      | 11171               | 87520             
11175      | 11175               | 87521             
11176      | 11176               | 87522             
11177      | 11177               | 87523             
1118       | 1118                | 87524             
11182      | 11182               | 87525             
11184      | 11184               | 87526             
11186      | 11186               | 87527             
11190      | 11190               | 87528             
11193      | 11193               | 87529             
11194      | 11194               | 87530             
11195      | 11195               | 87531             
11201      | 11201               | 87532             
11206      | 11206               | 87533             
11207      | 11207               | 87534             
11209      | 11209               | 87535             
11211      | 11211               | 87536             
11216      | 11216               | 87537             
11217      | 11217               | 87538             
1122       | 1122                | 87539             
11223      | 11223               | 87540             
11229      | 11229               | 87541             
11245      | 11245               | 87542             
11247      | 11247               | 87543             
11248      | 11248               | 87544             
11255      | 11255               | 87545             
11256      | 11256               | 87546             
11257      | 11257               | 87547             
11259      | 11259               | 87548             
11263      | 11263               | 87549             
11269      | 11269               | 87550             
1127       | 1127                | 87551             
11274      | 11274               | 87552             
11275      | 11275               | 87553             
11289      | 11289               | 87554             
1130       | 1130                | 87555             
11300      | 11300               | 87556             
11306      | 11306               | 87557             
11311      | 11311               | 87558             
11314      | 11314               | 87559             
11345      | 11345               | 87560             
11349      | 11349               | 87561             
11357      | 11357               | 87562             
11360      | 11360               | 87563             
11363      | 11363               | 87564             
11368      | 11368               | 87565             
1137       | 1137                | 87566             
11373      | 11373               | 87567             
11377      | 11377               | 87568             
11378      | 11378               | 87569             
11386      | 11386               | 87570             
11389      | 11389               | 87571             
11392      | 11392               | 87572             
11398      | 11398               | 87573             
11399      | 11399               | 87574             
11401      | 11401               | 87575             
11404      | 11404               | 87576             
11405      | 11405               | 87577             
11408      | 11408               | 87578             
11409      | 11409               | 87579             
1141       | 1141                | 87580             
11410      | 11410               | 87581             
11414      | 11414               | 87582             
11415      | 11415               | 87583             
1142       | 1142                | 87584             
11422      | 11422               | 87585             
11424      | 11424               | 87586             
11426      | 11426               | 87587             
11433      | 11433               | 87588             
11434      | 11434               | 87589             
11436      | 11436               | 87590             
11438      | 11438               | 87591             
11439      | 11439               | 87592             
11442      | 11442               | 87593             
11448      | 11448               | 87594             
11449      | 11449               | 87595             
11452      | 11452               | 87596             
11457      | 11457               | 87597             
11463      | 11463               | 87598             
11465      | 11465               | 87599             
11466      | 11466               | 87600             
11467      | 11467               | 87601             
11474      | 11474               | 87602             
11477      | 11477               | 87603             
11479      | 11479               | 87604             
1149       | 1149                | 87605             
11495      | 11495               | 87606             
11496      | 11496               | 87607             
11500      | 11500               | 87608             
11513      | 11513               | 87609             
11523      | 11523               | 87610             
11524      | 11524               | 87611             
11528      | 11528               | 87612             
1153       | 1153                | 87613             
11530      | 11530               | 87614             
11531      | 11531               | 87615             
1154       | 1154                | 87616             
11540      | 11540               | 87617             
11541      | 11541               | 87618             
11549      | 11549               | 87619             
11553      | 11553               | 87620             
11555      | 11555               | 87621             
11557      | 11557               | 87622             
11559      | 11559               | 87623             
11562      | 11562               | 87624             
11565      | 11565               | 87625             
11568      | 11568               | 87626             
11570      | 11570               | 87627             
11572      | 11572               | 87628             
11585      | 11585               | 87629             
11590      | 11590               | 87630             
11596      | 11596               | 87631             
11597      | 11597               | 87632             
116        | 116                 | 87633             
11605      | 11605               | 87634             
11608      | 11608               | 87635             
11618      | 11618               | 87636             
1162       | 1162                | 87637             
11621      | 11621               | 87638             
11624      | 11624               | 87639             
11634      | 11634               | 87640             
11638      | 11638               | 87641             
11639      | 11639               | 87642             
1164       | 1164                | 87643             
11643      | 11643               | 87644             
11645      | 11645               | 87645             
11649      | 11649               | 87646             
11658      | 11658               | 87647             
11665      | 11665               | 87648             
11667      | 11667               | 87649             
11669      | 11669               | 87650             
11677      | 11677               | 87651             
11679      | 11679               | 87652             
11683      | 11683               | 87653             
11688      | 11688               | 87654             
11689      | 11689               | 87655             
11691      | 11691               | 87656             
11692      | 11692               | 87657             
11693      | 11693               | 87658             
11694      | 11694               | 87659             
11695      | 11695               | 87660             
1171       | 1171                | 87661             
11711      | 11711               | 87662             
11725      | 11725               | 87663             
11727      | 11727               | 87664             
11731      | 11731               | 87665             
11733      | 11733               | 87666             
11734      | 11734               | 87667             
11736      | 11736               | 87668             
11746      | 11746               | 87669             
11747      | 11747               | 87670             
11748      | 11748               | 87671             
11749      | 11749               | 87672             
11754      | 11754               | 87673             
11758      | 11758               | 87674             
11763      | 11763               | 87675             
11765      | 11765               | 87676             
11769      | 11769               | 87677             
11773      | 11773               | 87678             
11775      | 11775               | 87679             
11777      | 11777               | 87680             
1178       | 1178                | 87681             
11782      | 11782               | 87682             
11786      | 11786               | 87683             
1179       | 1179                | 87684             
11790      | 11790               | 87685             
11791      | 11791               | 87686             
11794      | 11794               | 87687             
11795      | 11795               | 87688             
11799      | 11799               | 87689             
1181       | 1181                | 87690             
11814      | 11814               | 87691             
11820      | 11820               | 87692             
11821      | 11821               | 87693             
11832      | 11832               | 87694             
11837      | 11837               | 87695             
11838      | 11838               | 87696             
11842      | 11842               | 87697             
11844      | 11844               | 87698             
11849      | 11849               | 87699             
11857      | 11857               | 87700             
1186       | 1186                | 87701             
11860      | 11860               | 87702             
11861      | 11861               | 87703             
11863      | 11863               | 87704             
11866      | 11866               | 87705             
1187       | 1187                | 87706             
11878      | 11878               | 87707             
1188       | 1188                | 87708             
11881      | 11881               | 87709             
11887      | 11887               | 87710             
11897      | 11897               | 87711             
11899      | 11899               | 87712             
119        | 119                 | 87713             
11900      | 11900               | 87714             
1191       | 1191                | 87715             
11918      | 11918               | 87716             
1192       | 1192                | 87717             
11921      | 11921               | 87718             
11922      | 11922               | 87719             
11931      | 11931               | 87720             
11933      | 11933               | 87721             
11936      | 11936               | 87722             
11942      | 11942               | 87723             
11944      | 11944               | 87724             
11946      | 11946               | 87725             
11949      | 11949               | 87726             
11950      | 11950               | 87727             
11960      | 11960               | 87728             
11963      | 11963               | 87729             
11969      | 11969               | 87730             
11971      | 11971               | 87731             
11974      | 11974               | 87732             
1198       | 1198                | 87733             
11982      | 11982               | 87734             
1199       | 1199                | 87735             
11992      | 11992               | 87736             
11993      | 11993               | 87737             
11999      | 11999               | 87738             
12004      | 12004               | 87739             
12008      | 12008               | 87740             
1202       | 1202                | 87741             
12022      | 12022               | 87742             
12026      | 12026               | 87743             
1204       | 1204                | 87744             
12041      | 12041               | 87745             
12044      | 12044               | 87746             
12047      | 12047               | 87747             
12050      | 12050               | 87748             
12060      | 12060               | 87749             
12062      | 12062               | 87750             
12065      | 12065               | 87751             
12067      | 12067               | 87752             
12073      | 12073               | 87753             
12076      | 12076               | 87754             
12078      | 12078               | 87755             
12079      | 12079               | 87756             
12080      | 12080               | 87757             
12081      | 12081               | 87758             
12091      | 12091               | 87759             
12094      | 12094               | 87760             
12098      | 12098               | 87761             
12101      | 12101               | 87762             
12102      | 12102               | 87763             
12103      | 12103               | 87764             
12108      | 12108               | 87765             
1211       | 1211                | 87766             
12111      | 12111               | 87767             
12114      | 12114               | 87768             
1212       | 1212                | 87769             
12121      | 12121               | 87770             
12122      | 12122               | 87771             
12127      | 12127               | 87772             
12137      | 12137               | 87773             
12138      | 12138               | 87774             
12145      | 12145               | 87775             
12150      | 12150               | 87776             
12151      | 12151               | 87777             
12160      | 12160               | 87778             
12168      | 12168               | 87779             
12170      | 12170               | 87780             
12175      | 12175               | 87781             
12183      | 12183               | 87782             
12184      | 12184               | 87783             
12188      | 12188               | 87784             
12189      | 12189               | 87785             
12191      | 12191               | 87786             
12193      | 12193               | 87787             
12194      | 12194               | 87788             
12195      | 12195               | 87789             
12196      | 12196               | 87790             
12197      | 12197               | 87791             
1220       | 1220                | 87792             
12202      | 12202               | 87793             
12208      | 12208               | 87794             
12211      | 12211               | 87795             
12214      | 12214               | 87796             
12215      | 12215               | 87797             
12216      | 12216               | 87798             
12220      | 12220               | 87799             
12228      | 12228               | 87800             
12235      | 12235               | 87801             
12238      | 12238               | 87802             
12241      | 12241               | 87803             
12244      | 12244               | 87804             
12246      | 12246               | 87805             
12250      | 12250               | 87806             
12256      | 12256               | 87807             
12259      | 12259               | 87808             
12260      | 12260               | 87809             
12267      | 12267               | 87810             
12271      | 12271               | 87811             
12273      | 12273               | 87812             
12275      | 12275               | 87813             
12278      | 12278               | 87814             
12284      | 12284               | 87815             
1229       | 1229                | 87816             
12293      | 12293               | 87817             
12297      | 12297               | 87818             
1230       | 1230                | 87819             
12300      | 12300               | 87820             
12301      | 12301               | 87821             
12311      | 12311               | 87822             
12317      | 12317               | 87823             
12319      | 12319               | 87824             
12322      | 12322               | 87825             
12324      | 12324               | 87826             
12327      | 12327               | 87827             
1233       | 1233                | 87828             
12334      | 12334               | 87829             
12342      | 12342               | 87830             
12344      | 12344               | 87831             
12350      | 12350               | 87832             
12354      | 12354               | 87833             
12355      | 12355               | 87834             
12357      | 12357               | 87835             
12361      | 12361               | 87836             
12363      | 12363               | 87837             
12364      | 12364               | 87838             
12372      | 12372               | 87839             
12378      | 12378               | 87840             
12384      | 12384               | 87841             
12386      | 12386               | 87842             
12390      | 12390               | 87843             
12393      | 12393               | 87844             
12395      | 12395               | 87845             
12398      | 12398               | 87846             
124        | 124                 | 87847             
12402      | 12402               | 87848             
12405      | 12405               | 87849             
12408      | 12408               | 87850             
12411      | 12411               | 87851             
12414      | 12414               | 87852             
12419      | 12419               | 87853             
12423      | 12423               | 87854             
12428      | 12428               | 87855             
12430      | 12430               | 87856             
12432      | 12432               | 87857             
12433      | 12433               | 87858             
12438      | 12438               | 87859             
12441      | 12441               | 87860             
12448      | 12448               | 87861             
12449      | 12449               | 87862             
12450      | 12450               | 87863             
12452      | 12452               | 87864             
12453      | 12453               | 87865             
12463      | 12463               | 87866             
12464      | 12464               | 87867             
12466      | 12466               | 87868             
12467      | 12467               | 87869             
12471      | 12471               | 87870             
12475      | 12475               | 87871             
12476      | 12476               | 87872             
12477      | 12477               | 87873             
12479      | 12479               | 87874             
12488      | 12488               | 87875             
1249       | 1249                | 87876             
12495      | 12495               | 87877             
12500      | 12500               | 87878             
12505      | 12505               | 87879             
12508      | 12508               | 87880             
12509      | 12509               | 87881             
12513      | 12513               | 87882             
12523      | 12523               | 87883             
12524      | 12524               | 87884             
12525      | 12525               | 87885             
12530      | 12530               | 87886             
12531      | 12531               | 87887             
12532      | 12532               | 87888             
12533      | 12533               | 87889             
1255       | 1255                | 87890             
12550      | 12550               | 87891             
12551      | 12551               | 87892             
12557      | 12557               | 87893             
12558      | 12558               | 87894             
12562      | 12562               | 87895             
12563      | 12563               | 87896             
12565      | 12565               | 87897             
12566      | 12566               | 87898             
12568      | 12568               | 87899             
12571      | 12571               | 87900             
12575      | 12575               | 87901             
12585      | 12585               | 87902             
12586      | 12586               | 87903             
12588      | 12588               | 87904             
12594      | 12594               | 87905             
126        | 126                 | 87906             
12601      | 12601               | 87907             
12603      | 12603               | 87908             
12606      | 12606               | 87909             
12608      | 12608               | 87910             
1261       | 1261                | 87911             
12611      | 12611               | 87912             
12616      | 12616               | 87913             
12621      | 12621               | 87914             
12625      | 12625               | 87915             
12629      | 12629               | 87916             
12631      | 12631               | 87917             
12632      | 12632               | 87918             
12633      | 12633               | 87919             
12643      | 12643               | 87920             
12652      | 12652               | 87921             
12654      | 12654               | 87922             
12658      | 12658               | 87923             
12662      | 12662               | 87924             
12665      | 12665               | 87925             
12669      | 12669               | 87926             
12672      | 12672               | 87927             
12674      | 12674               | 87928             
12677      | 12677               | 87929             
12679      | 12679               | 87930             
12687      | 12687               | 87931             
12689      | 12689               | 87932             
12693      | 12693               | 87933             
12694      | 12694               | 87934             
1270       | 1270                | 87935             
12700      | 12700               | 87936             
12701      | 12701               | 87937             
12713      | 12713               | 87938             
12714      | 12714               | 87939             
12719      | 12719               | 87940             
12727      | 12727               | 87941             
12739      | 12739               | 87942             
12745      | 12745               | 87943             
12747      | 12747               | 87944             
12749      | 12749               | 87945             
1275       | 1275                | 87946             
12751      | 12751               | 87947             
12757      | 12757               | 87948             
12762      | 12762               | 87949             
12769      | 12769               | 87950             
1277       | 1277                | 87951             
12775      | 12775               | 87952             
12777      | 12777               | 87953             
1278       | 1278                | 87954             
12781      | 12781               | 87955             
1279       | 1279                | 87956             
12792      | 12792               | 87957             
12793      | 12793               | 87958             
12797      | 12797               | 87959             
12798      | 12798               | 87960             
12800      | 12800               | 87961             
12806      | 12806               | 87962             
12809      | 12809               | 87963             
12812      | 12812               | 87964             
12821      | 12821               | 87965             
12828      | 12828               | 87966             
12834      | 12834               | 87967             
12835      | 12835               | 87968             
12838      | 12838               | 87969             
12844      | 12844               | 87970             
12855      | 12855               | 87971             
12858      | 12858               | 87972             
12862      | 12862               | 87973             
12866      | 12866               | 87974             
12872      | 12872               | 87975             
12875      | 12875               | 87976             
12878      | 12878               | 87977             
12882      | 12882               | 87978             
12883      | 12883               | 87979             
12886      | 12886               | 87980             
12887      | 12887               | 87981             
12890      | 12890               | 87982             
12891      | 12891               | 87983             
12895      | 12895               | 87984             
12898      | 12898               | 87985             
12900      | 12900               | 87986             
12904      | 12904               | 87987             
12908      | 12908               | 87988             
12909      | 12909               | 87989             
1291       | 1291                | 87990             
12912      | 12912               | 87991             
12918      | 12918               | 87992             
12924      | 12924               | 87993             
12926      | 12926               | 87994             
12929      | 12929               | 87995             
12932      | 12932               | 87996             
12938      | 12938               | 87997             
12942      | 12942               | 87998             
12944      | 12944               | 87999             
12947      | 12947               | 88000             
12948      | 12948               | 88001             
12949      | 12949               | 88002             
1295       | 1295                | 88003             
12950      | 12950               | 88004             
12953      | 12953               | 88005             
12957      | 12957               | 88006             
12965      | 12965               | 88007             
12968      | 12968               | 88008             
12975      | 12975               | 88009             
12976      | 12976               | 88010             
12977      | 12977               | 88011             
12982      | 12982               | 88012             
12983      | 12983               | 88013             
12986      | 12986               | 88014             
12989      | 12989               | 88015             
12991      | 12991               | 88016             
12993      | 12993               | 88017             
12995      | 12995               | 88018             
1300       | 1300                | 88019             
13001      | 13001               | 88020             
13006      | 13006               | 88021             
13008      | 13008               | 88022             
1301       | 1301                | 88023             
13010      | 13010               | 88024             
13019      | 13019               | 88025             
13023      | 13023               | 88026             
13033      | 13033               | 88027             
13034      | 13034               | 88028             
13046      | 13046               | 88029             
1305       | 1305                | 88030             
13050      | 13050               | 88031             
13055      | 13055               | 88032             
13057      | 13057               | 88033             
13058      | 13058               | 88034             
13060      | 13060               | 88035             
13061      | 13061               | 88036             
13063      | 13063               | 88037             
13070      | 13070               | 88038             
13071      | 13071               | 88039             
13079      | 13079               | 88040             
1308       | 1308                | 88041             
13080      | 13080               | 88042             
13099      | 13099               | 88043             
13100      | 13100               | 88044             
13105      | 13105               | 88045             
13108      | 13108               | 88046             
1311       | 1311                | 88047             
13110      | 13110               | 88048             
13111      | 13111               | 88049             
13118      | 13118               | 88050             
13120      | 13120               | 88051             
13124      | 13124               | 88052             
13130      | 13130               | 88053             
13133      | 13133               | 88054             
13134      | 13134               | 88055             
13138      | 13138               | 88056             
13140      | 13140               | 88057             
13142      | 13142               | 88058             
13144      | 13144               | 88059             
1315       | 1315                | 88060             
13150      | 13150               | 88061             
13159      | 13159               | 88062             
13162      | 13162               | 88063             
13166      | 13166               | 88064             
13167      | 13167               | 88065             
13181      | 13181               | 88066             
13182      | 13182               | 88067             
13183      | 13183               | 88068             
13188      | 13188               | 88069             
13193      | 13193               | 88070             
13194      | 13194               | 88071             
13197      | 13197               | 88072             
13199      | 13199               | 88073             
13203      | 13203               | 88074             
13205      | 13205               | 88075             
13208      | 13208               | 88076             
13214      | 13214               | 88077             
13215      | 13215               | 88078             
13220      | 13220               | 88079             
13225      | 13225               | 88080             
1323       | 1323                | 88081             
13231      | 13231               | 88082             
13232      | 13232               | 88083             
13238      | 13238               | 88084             
13239      | 13239               | 88085             
13248      | 13248               | 88086             
1325       | 1325                | 88087             
13252      | 13252               | 88088             
13254      | 13254               | 88089             
13257      | 13257               | 88090             
13258      | 13258               | 88091             
1326       | 1326                | 88092             
13265      | 13265               | 88093             
13275      | 13275               | 88094             
13278      | 13278               | 88095             
13281      | 13281               | 88096             
13282      | 13282               | 88097             
13287      | 13287               | 88098             
13289      | 13289               | 88099             
13295      | 13295               | 88100             
13296      | 13296               | 88101             
133        | 133                 | 88102             
13304      | 13304               | 88103             
13307      | 13307               | 88104             
13319      | 13319               | 88105             
13320      | 13320               | 88106             
13325      | 13325               | 88107             
13327      | 13327               | 88108             
13328      | 13328               | 88109             
13333      | 13333               | 88110             
13338      | 13338               | 88111             
1334       | 1334                | 88112             
13345      | 13345               | 88113             
13355      | 13355               | 88114             
13357      | 13357               | 88115             
1336       | 1336                | 88116             
13360      | 13360               | 88117             
13366      | 13366               | 88118             
13367      | 13367               | 88119             
13368      | 13368               | 88120             
13372      | 13372               | 88121             
13373      | 13373               | 88122             
13380      | 13380               | 88123             
13387      | 13387               | 88124             
13388      | 13388               | 88125             
1339       | 1339                | 88126             
13391      | 13391               | 88127             
13394      | 13394               | 88128             
13395      | 13395               | 88129             
13398      | 13398               | 88130             
13402      | 13402               | 88131             
13414      | 13414               | 88132             
13417      | 13417               | 88133             
13420      | 13420               | 88134             
13425      | 13425               | 88135             
13434      | 13434               | 88136             
13443      | 13443               | 88137             
13447      | 13447               | 88138             
13449      | 13449               | 88139             
13456      | 13456               | 88140             
13463      | 13463               | 88141             
1347       | 1347                | 88142             
13471      | 13471               | 88143             
13474      | 13474               | 88144             
13477      | 13477               | 88145             
13479      | 13479               | 88146             
1348       | 1348                | 88147             
13484      | 13484               | 88148             
13487      | 13487               | 88149             
13488      | 13488               | 88150             
13494      | 13494               | 88151             
13501      | 13501               | 88152             
13504      | 13504               | 88153             
13507      | 13507               | 88154             
1351       | 1351                | 88155             
13511      | 13511               | 88156             
13517      | 13517               | 88157             
13520      | 13520               | 88158             
13523      | 13523               | 88159             
1353       | 1353                | 88160             
13531      | 13531               | 88161             
13536      | 13536               | 88162             
13539      | 13539               | 88163             
13549      | 13549               | 88164             
13550      | 13550               | 88165             
13552      | 13552               | 88166             
13556      | 13556               | 88167             
13573      | 13573               | 88168             
13574      | 13574               | 88169             
13585      | 13585               | 88170             
13586      | 13586               | 88171             
13589      | 13589               | 88172             
13590      | 13590               | 88173             
13593      | 13593               | 88174             
13597      | 13597               | 88175             
13598      | 13598               | 88176             
13599      | 13599               | 88177             
136        | 136                 | 88178             
13601      | 13601               | 88179             
13602      | 13602               | 88180             
13603      | 13603               | 88181             
13605      | 13605               | 88182             
13615      | 13615               | 88183             
13616      | 13616               | 88184             
1362       | 1362                | 88185             
13620      | 13620               | 88186             
13624      | 13624               | 88187             
13625      | 13625               | 88188             
13629      | 13629               | 88189             
13632      | 13632               | 88190             
13635      | 13635               | 88191             
13652      | 13652               | 88192             
13654      | 13654               | 88193             
13659      | 13659               | 88194             
1366       | 1366                | 88195             
13663      | 13663               | 88196             
13666      | 13666               | 88197             
13667      | 13667               | 88198             
13678      | 13678               | 88199             
1368       | 1368                | 88200             
13689      | 13689               | 88201             
1369       | 1369                | 88202             
13691      | 13691               | 88203             
13698      | 13698               | 88204             
13699      | 13699               | 88205             
137        | 137                 | 88206             
13701      | 13701               | 88207             
13710      | 13710               | 88208             
13711      | 13711               | 88209             
1372       | 1372                | 88210             
13720      | 13720               | 88211             
13721      | 13721               | 88212             
13734      | 13734               | 88213             
13738      | 13738               | 88214             
13739      | 13739               | 88215             
1374       | 1374                | 88216             
13741      | 13741               | 88217             
13742      | 13742               | 88218             
13745      | 13745               | 88219             
13748      | 13748               | 88220             
1375       | 1375                | 88221             
13756      | 13756               | 88222             
13758      | 13758               | 88223             
13762      | 13762               | 88224             
13765      | 13765               | 88225             
13773      | 13773               | 88226             
13778      | 13778               | 88227             
13779      | 13779               | 88228             
13785      | 13785               | 88229             
13786      | 13786               | 88230             
13794      | 13794               | 88231             
13799      | 13799               | 88232             
138        | 138                 | 88233             
1380       | 1380                | 88234             
13802      | 13802               | 88235             
13803      | 13803               | 88236             
13815      | 13815               | 88237             
13819      | 13819               | 88238             
13828      | 13828               | 88239             
13833      | 13833               | 88240             
13837      | 13837               | 88241             
1384       | 1384                | 88242             
13840      | 13840               | 88243             
13842      | 13842               | 88244             
13846      | 13846               | 88245             
13849      | 13849               | 88246             
13853      | 13853               | 88247             
13860      | 13860               | 88248             
13862      | 13862               | 88249             
13863      | 13863               | 88250             
13864      | 13864               | 88251             
13869      | 13869               | 88252             
13871      | 13871               | 88253             
13873      | 13873               | 88254             
13880      | 13880               | 88255             
13887      | 13887               | 88256             
1389       | 1389                | 88257             
13892      | 13892               | 88258             
13894      | 13894               | 88259             
13895      | 13895               | 88260             
13897      | 13897               | 88261             
13908      | 13908               | 88262             
13909      | 13909               | 88263             
1391       | 1391                | 88264             
13913      | 13913               | 88265             
13915      | 13915               | 88266             
13926      | 13926               | 88267             
13934      | 13934               | 88268             
13935      | 13935               | 88269             
13939      | 13939               | 88270             
13942      | 13942               | 88271             
13943      | 13943               | 88272             
13946      | 13946               | 88273             
13948      | 13948               | 88274             
13949      | 13949               | 88275             
13950      | 13950               | 88276             
13951      | 13951               | 88277             
13958      | 13958               | 88278             
1396       | 1396                | 88279             
13963      | 13963               | 88280             
13970      | 13970               | 88281             
13974      | 13974               | 88282             
13975      | 13975               | 88283             
13978      | 13978               | 88284             
13979      | 13979               | 88285             
13981      | 13981               | 88286             
13982      | 13982               | 88287             
13985      | 13985               | 88288             
13987      | 13987               | 88289             
13989      | 13989               | 88290             
13990      | 13990               | 88291             
13993      | 13993               | 88292             
13994      | 13994               | 88293             
13996      | 13996               | 88294             
13998      | 13998               | 88295             
14         | 14                  | 88296             
140        | 140                 | 88297             
14005      | 14005               | 88298             
14007      | 14007               | 88299             
14015      | 14015               | 88300             
14020      | 14020               | 88301             
14022      | 14022               | 88302             
14023      | 14023               | 88303             
14030      | 14030               | 88304             
14031      | 14031               | 88305             
14033      | 14033               | 88306             
14037      | 14037               | 88307             
14042      | 14042               | 88308             
14047      | 14047               | 88309             
1405       | 1405                | 88310             
14050      | 14050               | 88311             
14054      | 14054               | 88312             
14055      | 14055               | 88313             
14060      | 14060               | 88314             
14062      | 14062               | 88315             
14064      | 14064               | 88316             
14070      | 14070               | 88317             
14073      | 14073               | 88318             
14078      | 14078               | 88319             
1408       | 1408                | 88320             
14091      | 14091               | 88321             
14093      | 14093               | 88322             
14099      | 14099               | 88323             
141        | 141                 | 88324             
14101      | 14101               | 88325             
14106      | 14106               | 88326             
14107      | 14107               | 88327             
14125      | 14125               | 88328             
14126      | 14126               | 88329             
14128      | 14128               | 88330             
14144      | 14144               | 88331             
14145      | 14145               | 88332             
14147      | 14147               | 88333             
14151      | 14151               | 88334             
14154      | 14154               | 88335             
14157      | 14157               | 88336             
14165      | 14165               | 88337             
14169      | 14169               | 88338             
1417       | 1417                | 88339             
14172      | 14172               | 88340             
14174      | 14174               | 88341             
14175      | 14175               | 88342             
14179      | 14179               | 88343             
1418       | 1418                | 88344             
14184      | 14184               | 88345             
14185      | 14185               | 88346             
14191      | 14191               | 88347             
142        | 142                 | 88348             
1420       | 1420                | 88349             
14203      | 14203               | 88350             
14204      | 14204               | 88351             
14206      | 14206               | 88352             
14214      | 14214               | 88353             
14215      | 14215               | 88354             
14218      | 14218               | 88355             
14221      | 14221               | 88356             
1423       | 1423                | 88357             
14230      | 14230               | 88358             
14232      | 14232               | 88359             
14235      | 14235               | 88360             
14239      | 14239               | 88361             
14240      | 14240               | 88362             
14241      | 14241               | 88363             
1425       | 1425                | 88364             
14254      | 14254               | 88365             
14257      | 14257               | 88366             
14262      | 14262               | 88367             
14266      | 14266               | 88368             
14272      | 14272               | 88369             
14274      | 14274               | 88370             
14275      | 14275               | 88371             
14290      | 14290               | 88372             
14292      | 14292               | 88373             
14294      | 14294               | 88374             
14296      | 14296               | 88375             
14299      | 14299               | 88376             
143        | 143                 | 88377             
1430       | 1430                | 88378             
14302      | 14302               | 88379             
14304      | 14304               | 88380             
14318      | 14318               | 88381             
1432       | 1432                | 88382             
1433       | 1433                | 88383             
14333      | 14333               | 88384             
14334      | 14334               | 88385             
14336      | 14336               | 88386             
14340      | 14340               | 88387             
14341      | 14341               | 88388             
14350      | 14350               | 88389             
14351      | 14351               | 88390             
14354      | 14354               | 88391             
14355      | 14355               | 88392             
14361      | 14361               | 88393             
14363      | 14363               | 88394             
14366      | 14366               | 88395             
14374      | 14374               | 88396             
14378      | 14378               | 88397             
14385      | 14385               | 88398             
14386      | 14386               | 88399             
1439       | 1439                | 88400             
14398      | 14398               | 88401             
1440       | 1440                | 88402             
14400      | 14400               | 88403             
14403      | 14403               | 88404             
14410      | 14410               | 88405             
14414      | 14414               | 88406             
14417      | 14417               | 88407             
14418      | 14418               | 88408             
1442       | 1442                | 88409             
14420      | 14420               | 88410             
14421      | 14421               | 88411             
14425      | 14425               | 88412             
14429      | 14429               | 88413             
14438      | 14438               | 88414             
1444       | 1444                | 88415             
14445      | 14445               | 88416             
14451      | 14451               | 88417             
14452      | 14452               | 88418             
14456      | 14456               | 88419             
14464      | 14464               | 88420             
14466      | 14466               | 88421             
14468      | 14468               | 88422             
14470      | 14470               | 88423             
14472      | 14472               | 88424             
14474      | 14474               | 88425             
14483      | 14483               | 88426             
14484      | 14484               | 88427             
14487      | 14487               | 88428             
14493      | 14493               | 88429             
14496      | 14496               | 88430             
14497      | 14497               | 88431             
145        | 145                 | 88432             
1450       | 1450                | 88433             
14500      | 14500               | 88434             
14502      | 14502               | 88435             
14505      | 14505               | 88436             
14519      | 14519               | 88437             
14526      | 14526               | 88438             
14530      | 14530               | 88439             
14531      | 14531               | 88440             
14532      | 14532               | 88441             
14535      | 14535               | 88442             
14543      | 14543               | 88443             
14545      | 14545               | 88444             
14547      | 14547               | 88445             
1455       | 1455                | 88446             
14552      | 14552               | 88447             
14554      | 14554               | 88448             
14567      | 14567               | 88449             
14571      | 14571               | 88450             
14579      | 14579               | 88451             
14580      | 14580               | 88452             
14582      | 14582               | 88453             
14585      | 14585               | 88454             
14586      | 14586               | 88455             
14589      | 14589               | 88456             
14592      | 14592               | 88457             
14593      | 14593               | 88458             
14595      | 14595               | 88459             
14597      | 14597               | 88460             
1460       | 1460                | 88461             
14602      | 14602               | 88462             
14603      | 14603               | 88463             
14605      | 14605               | 88464             
14606      | 14606               | 88465             
1461       | 1461                | 88466             
14612      | 14612               | 88467             
14615      | 14615               | 88468             
14617      | 14617               | 88469             
14620      | 14620               | 88470             
14628      | 14628               | 88471             
14631      | 14631               | 88472             
14632      | 14632               | 88473             
14636      | 14636               | 88474             
14651      | 14651               | 88475             
14657      | 14657               | 88476             
1466       | 1466                | 88477             
14661      | 14661               | 88478             
14663      | 14663               | 88479             
14674      | 14674               | 88480             
14676      | 14676               | 88481             
1468       | 1468                | 88482             
14682      | 14682               | 88483             
14684      | 14684               | 88484             
14688      | 14688               | 88485             
1469       | 1469                | 88486             
14693      | 14693               | 88487             
14698      | 14698               | 88488             
1470       | 1470                | 88489             
14702      | 14702               | 88490             
14704      | 14704               | 88491             
14707      | 14707               | 88492             
14708      | 14708               | 88493             
14709      | 14709               | 88494             
14712      | 14712               | 88495             
14719      | 14719               | 88496             
14720      | 14720               | 88497             
14721      | 14721               | 88498             
14722      | 14722               | 88499             
14727      | 14727               | 88500             
1473       | 1473                | 88501             
14735      | 14735               | 88502             
14736      | 14736               | 88503             
14744      | 14744               | 88504             
14749      | 14749               | 88505             
14753      | 14753               | 88506             
14757      | 14757               | 88507             
14759      | 14759               | 88508             
14761      | 14761               | 88509             
14764      | 14764               | 88510             
14766      | 14766               | 88511             
14767      | 14767               | 88512             
14769      | 14769               | 88513             
14775      | 14775               | 88514             
14782      | 14782               | 88515             
14790      | 14790               | 88516             
14793      | 14793               | 88517             
14799      | 14799               | 88518             
14803      | 14803               | 88519             
14810      | 14810               | 88520             
14816      | 14816               | 88521             
14819      | 14819               | 88522             
14823      | 14823               | 88523             
14824      | 14824               | 88524             
14826      | 14826               | 88525             
14832      | 14832               | 88526             
14836      | 14836               | 88527             
14838      | 14838               | 88528             
14843      | 14843               | 88529             
14847      | 14847               | 88530             
1485       | 1485                | 88531             
14852      | 14852               | 88532             
14855      | 14855               | 88533             
14860      | 14860               | 88534             
14863      | 14863               | 88535             
1488       | 1488                | 88536             
14881      | 14881               | 88537             
14882      | 14882               | 88538             
14891      | 14891               | 88539             
14895      | 14895               | 88540             
14897      | 14897               | 88541             
14900      | 14900               | 88542             
14901      | 14901               | 88543             
14902      | 14902               | 88544             
14908      | 14908               | 88545             
14912      | 14912               | 88546             
14914      | 14914               | 88547             
14915      | 14915               | 88548             
14916      | 14916               | 88549             
14919      | 14919               | 88550             
14921      | 14921               | 88551             
14922      | 14922               | 88552             
14923      | 14923               | 88553             
1493       | 1493                | 88554             
14930      | 14930               | 88555             
14935      | 14935               | 88556             
14936      | 14936               | 88557             
14949      | 14949               | 88558             
14957      | 14957               | 88559             
14964      | 14964               | 88560             
14966      | 14966               | 88561             
14972      | 14972               | 88562             
14973      | 14973               | 88563             
14975      | 14975               | 88564             
14976      | 14976               | 88565             
14977      | 14977               | 88566             
14978      | 14978               | 88567             
1498       | 1498                | 88568             
14985      | 14985               | 88569             
14987      | 14987               | 88570             
14989      | 14989               | 88571             
14992      | 14992               | 88572             
1500       | 1500                | 88573             
15003      | 15003               | 88574             
15005      | 15005               | 88575             
15012      | 15012               | 88576             
15013      | 15013               | 88577             
15015      | 15015               | 88578             
15017      | 15017               | 88579             
15021      | 15021               | 88580             
15022      | 15022               | 88581             
15023      | 15023               | 88582             
15029      | 15029               | 88583             
15037      | 15037               | 88584             
15041      | 15041               | 88585             
15043      | 15043               | 88586             
15044      | 15044               | 88587             
15058      | 15058               | 88588             
15060      | 15060               | 88589             
15061      | 15061               | 88590             
15063      | 15063               | 88591             
15064      | 15064               | 88592             
15067      | 15067               | 88593             
15069      | 15069               | 88594             
15070      | 15070               | 88595             
15074      | 15074               | 88596             
15078      | 15078               | 88597             
15085      | 15085               | 88598             
15087      | 15087               | 88599             
15088      | 15088               | 88600             
15089      | 15089               | 88601             
1509       | 1509                | 88602             
15093      | 15093               | 88603             
15094      | 15094               | 88604             
15096      | 15096               | 88605             
15100      | 15100               | 88606             
15102      | 15102               | 88607             
15106      | 15106               | 88608             
15107      | 15107               | 88609             
15113      | 15113               | 88610             
15117      | 15117               | 88611             
15118      | 15118               | 88612             
1512       | 1512                | 88613             
15120      | 15120               | 88614             
15121      | 15121               | 88615             
15124      | 15124               | 88616             
15130      | 15130               | 88617             
15132      | 15132               | 88618             
15145      | 15145               | 88619             
15148      | 15148               | 88620             
15151      | 15151               | 88621             
15153      | 15153               | 88622             
15154      | 15154               | 88623             
15158      | 15158               | 88624             
15159      | 15159               | 88625             
15162      | 15162               | 88626             
15163      | 15163               | 88627             
15165      | 15165               | 88628             
15168      | 15168               | 88629             
15175      | 15175               | 88630             
15177      | 15177               | 88631             
15178      | 15178               | 88632             
15179      | 15179               | 88633             
15181      | 15181               | 88634             
15182      | 15182               | 88635             
15184      | 15184               | 88636             
15185      | 15185               | 88637             
15192      | 15192               | 88638             
15194      | 15194               | 88639             
15198      | 15198               | 88640             
15205      | 15205               | 88641             
15209      | 15209               | 88642             
15213      | 15213               | 88643             
15217      | 15217               | 88644             
15227      | 15227               | 88645             
15229      | 15229               | 88646             
15234      | 15234               | 88647             
15240      | 15240               | 88648             
15244      | 15244               | 88649             
15248      | 15248               | 88650             
1525       | 1525                | 88651             
15253      | 15253               | 88652             
15259      | 15259               | 88653             
15260      | 15260               | 88654             
15269      | 15269               | 88655             
15279      | 15279               | 88656             
1528       | 1528                | 88657             
15282      | 15282               | 88658             
15286      | 15286               | 88659             
15287      | 15287               | 88660             
15289      | 15289               | 88661             
15296      | 15296               | 88662             
15297      | 15297               | 88663             
15298      | 15298               | 88664             
15299      | 15299               | 88665             
15306      | 15306               | 88666             
15307      | 15307               | 88667             
15309      | 15309               | 88668             
1531       | 1531                | 88669             
15312      | 15312               | 88670             
15316      | 15316               | 88671             
15319      | 15319               | 88672             
15322      | 15322               | 88673             
15323      | 15323               | 88674             
15324      | 15324               | 88675             
15326      | 15326               | 88676             
15327      | 15327               | 88677             
15335      | 15335               | 88678             
15340      | 15340               | 88679             
15345      | 15345               | 88680             
15350      | 15350               | 88681             
15353      | 15353               | 88682             
15354      | 15354               | 88683             
15356      | 15356               | 88684             
15358      | 15358               | 88685             
15360      | 15360               | 88686             
15362      | 15362               | 88687             
15367      | 15367               | 88688             
15371      | 15371               | 88689             
15372      | 15372               | 88690             
15378      | 15378               | 88691             
15386      | 15386               | 88692             
15388      | 15388               | 88693             
15391      | 15391               | 88694             
15399      | 15399               | 88695             
15402      | 15402               | 88696             
15417      | 15417               | 88697             
15418      | 15418               | 88698             
1542       | 1542                | 88699             
15426      | 15426               | 88700             
15436      | 15436               | 88701             
15437      | 15437               | 88702             
15438      | 15438               | 88703             
15439      | 15439               | 88704             
1544       | 1544                | 88705             
15440      | 15440               | 88706             
15445      | 15445               | 88707             
15446      | 15446               | 88708             
15458      | 15458               | 88709             
15463      | 15463               | 88710             
15468      | 15468               | 88711             
15471      | 15471               | 88712             
15480      | 15480               | 88713             
1549       | 1549                | 88714             
15490      | 15490               | 88715             
15491      | 15491               | 88716             
15492      | 15492               | 88717             
15496      | 15496               | 88718             
15497      | 15497               | 88719             
15504      | 15504               | 88720             
15506      | 15506               | 88721             
15509      | 15509               | 88722             
1551       | 1551                | 88723             
15511      | 15511               | 88724             
15514      | 15514               | 88725             
15515      | 15515               | 88726             
15517      | 15517               | 88727             
15518      | 15518               | 88728             
15519      | 15519               | 88729             
15524      | 15524               | 88730             
1554       | 1554                | 88731             
15540      | 15540               | 88732             
15542      | 15542               | 88733             
15544      | 15544               | 88734             
15546      | 15546               | 88735             
15547      | 15547               | 88736             
15550      | 15550               | 88737             
15556      | 15556               | 88738             
15559      | 15559               | 88739             
15561      | 15561               | 88740             
15577      | 15577               | 88741             
15584      | 15584               | 88742             
15585      | 15585               | 88743             
15586      | 15586               | 88744             
15589      | 15589               | 88745             
15590      | 15590               | 88746             
15596      | 15596               | 88747             
15597      | 15597               | 88748             
15599      | 15599               | 88749             
15600      | 15600               | 88750             
15611      | 15611               | 88751             
15613      | 15613               | 88752             
15618      | 15618               | 88753             
1562       | 1562                | 88754             
15621      | 15621               | 88755             
15623      | 15623               | 88756             
15625      | 15625               | 88757             
15630      | 15630               | 88758             
15631      | 15631               | 88759             
15632      | 15632               | 88760             
15633      | 15633               | 88761             
15635      | 15635               | 88762             
15638      | 15638               | 88763             
15643      | 15643               | 88764             
15646      | 15646               | 88765             
15651      | 15651               | 88766             
15667      | 15667               | 88767             
1567       | 1567                | 88768             
15676      | 15676               | 88769             
15678      | 15678               | 88770             
15685      | 15685               | 88771             
15687      | 15687               | 88772             
1569       | 1569                | 88773             
15692      | 15692               | 88774             
15709      | 15709               | 88775             
15710      | 15710               | 88776             
15713      | 15713               | 88777             
15715      | 15715               | 88778             
15718      | 15718               | 88779             
15724      | 15724               | 88780             
15725      | 15725               | 88781             
15727      | 15727               | 88782             
15733      | 15733               | 88783             
1574       | 1574                | 88784             
15740      | 15740               | 88785             
15749      | 15749               | 88786             
15753      | 15753               | 88787             
15759      | 15759               | 88788             
15766      | 15766               | 88789             
15768      | 15768               | 88790             
1577       | 1577                | 88791             
15773      | 15773               | 88792             
15776      | 15776               | 88793             
15779      | 15779               | 88794             
1578       | 1578                | 88795             
15799      | 15799               | 88796             
158        | 158                 | 88797             
15800      | 15800               | 88798             
15802      | 15802               | 88799             
15804      | 15804               | 88800             
15806      | 15806               | 88801             
1581       | 1581                | 88802             
15823      | 15823               | 88803             
15828      | 15828               | 88804             
15833      | 15833               | 88805             
15835      | 15835               | 88806             
15838      | 15838               | 88807             
15842      | 15842               | 88808             
15843      | 15843               | 88809             
15844      | 15844               | 88810             
15845      | 15845               | 88811             
15847      | 15847               | 88812             
15849      | 15849               | 88813             
15850      | 15850               | 88814             
15853      | 15853               | 88815             
15854      | 15854               | 88816             
1586       | 1586                | 88817             
15869      | 15869               | 88818             
15870      | 15870               | 88819             
15871      | 15871               | 88820             
15873      | 15873               | 88821             
15876      | 15876               | 88822             
15878      | 15878               | 88823             
1588       | 1588                | 88824             
15895      | 15895               | 88825             
15896      | 15896               | 88826             
15902      | 15902               | 88827             
15906      | 15906               | 88828             
15914      | 15914               | 88829             
15917      | 15917               | 88830             
15918      | 15918               | 88831             
15919      | 15919               | 88832             
15924      | 15924               | 88833             
15926      | 15926               | 88834             
15929      | 15929               | 88835             
15937      | 15937               | 88836             
15938      | 15938               | 88837             
15945      | 15945               | 88838             
15956      | 15956               | 88839             
1596       | 1596                | 88840             
15962      | 15962               | 88841             
15963      | 15963               | 88842             
15968      | 15968               | 88843             
15969      | 15969               | 88844             
15976      | 15976               | 88845             
15983      | 15983               | 88846             
15984      | 15984               | 88847             
1599       | 1599                | 88848             
15991      | 15991               | 88849             
15994      | 15994               | 88850             
15997      | 15997               | 88851             
160        | 160                 | 88852             
16001      | 16001               | 88853             
16005      | 16005               | 88854             
16006      | 16006               | 88855             
16008      | 16008               | 88856             
16009      | 16009               | 88857             
1601       | 1601                | 88858             
16017      | 16017               | 88859             
16018      | 16018               | 88860             
16019      | 16019               | 88861             
16022      | 16022               | 88862             
16028      | 16028               | 88863             
16032      | 16032               | 88864             
16034      | 16034               | 88865             
16035      | 16035               | 88866             
1604       | 1604                | 88867             
16043      | 16043               | 88868             
16045      | 16045               | 88869             
16049      | 16049               | 88870             
16054      | 16054               | 88871             
16056      | 16056               | 88872             
16059      | 16059               | 88873             
16060      | 16060               | 88874             
16062      | 16062               | 88875             
16063      | 16063               | 88876             
16070      | 16070               | 88877             
16076      | 16076               | 88878             
16077      | 16077               | 88879             
16078      | 16078               | 88880             
16080      | 16080               | 88881             
16081      | 16081               | 88882             
16088      | 16088               | 88883             
16095      | 16095               | 88884             
16102      | 16102               | 88885             
16103      | 16103               | 88886             
16104      | 16104               | 88887             
16106      | 16106               | 88888             
16107      | 16107               | 88889             
1611       | 1611                | 88890             
16114      | 16114               | 88891             
16115      | 16115               | 88892             
16120      | 16120               | 88893             
16124      | 16124               | 88894             
16126      | 16126               | 88895             
1613       | 1613                | 88896             
16132      | 16132               | 88897             
16139      | 16139               | 88898             
16141      | 16141               | 88899             
16145      | 16145               | 88900             
16146      | 16146               | 88901             
16148      | 16148               | 88902             
16150      | 16150               | 88903             
16152      | 16152               | 88904             
16155      | 16155               | 88905             
16163      | 16163               | 88906             
16164      | 16164               | 88907             
16165      | 16165               | 88908             
16168      | 16168               | 88909             
16169      | 16169               | 88910             
16170      | 16170               | 88911             
16171      | 16171               | 88912             
16172      | 16172               | 88913             
16174      | 16174               | 88914             
16175      | 16175               | 88915             
16178      | 16178               | 88916             
16182      | 16182               | 88917             
16184      | 16184               | 88918             
16198      | 16198               | 88919             
16200      | 16200               | 88920             
16202      | 16202               | 88921             
16205      | 16205               | 88922             
16213      | 16213               | 88923             
16216      | 16216               | 88924             
1622       | 1622                | 88925             
16220      | 16220               | 88926             
16223      | 16223               | 88927             
16228      | 16228               | 88928             
16231      | 16231               | 88929             
16237      | 16237               | 88930             
1624       | 1624                | 88931             
16243      | 16243               | 88932             
16244      | 16244               | 88933             
16251      | 16251               | 88934             
16253      | 16253               | 88935             
16257      | 16257               | 88936             
16258      | 16258               | 88937             
16261      | 16261               | 88938             
16270      | 16270               | 88939             
16272      | 16272               | 88940             
16274      | 16274               | 88941             
16276      | 16276               | 88942             
16281      | 16281               | 88943             
16287      | 16287               | 88944             
16289      | 16289               | 88945             
1629       | 1629                | 88946             
16291      | 16291               | 88947             
16296      | 16296               | 88948             
16303      | 16303               | 88949             
16304      | 16304               | 88950             
16307      | 16307               | 88951             
16309      | 16309               | 88952             
1631       | 1631                | 88953             
16315      | 16315               | 88954             
16326      | 16326               | 88955             
16329      | 16329               | 88956             
16336      | 16336               | 88957             
16338      | 16338               | 88958             
16348      | 16348               | 88959             
16357      | 16357               | 88960             
1636       | 1636                | 88961             
16360      | 16360               | 88962             
16368      | 16368               | 88963             
1637       | 1637                | 88964             
16371      | 16371               | 88965             
16372      | 16372               | 88966             
16377      | 16377               | 88967             
16385      | 16385               | 88968             
16386      | 16386               | 88969             
16388      | 16388               | 88970             
16407      | 16407               | 88971             
16410      | 16410               | 88972             
16412      | 16412               | 88973             
16416      | 16416               | 88974             
16419      | 16419               | 88975             
16421      | 16421               | 88976             
16428      | 16428               | 88977             
16433      | 16433               | 88978             
16437      | 16437               | 88979             
16440      | 16440               | 88980             
16442      | 16442               | 88981             
16444      | 16444               | 88982             
16445      | 16445               | 88983             
16449      | 16449               | 88984             
16452      | 16452               | 88985             
16453      | 16453               | 88986             
16461      | 16461               | 88987             
16463      | 16463               | 88988             
16473      | 16473               | 88989             
16475      | 16475               | 88990             
16479      | 16479               | 88991             
16484      | 16484               | 88992             
16485      | 16485               | 88993             
16491      | 16491               | 88994             
16492      | 16492               | 88995             
16493      | 16493               | 88996             
16496      | 16496               | 88997             
165        | 165                 | 88998             
16506      | 16506               | 88999             
16510      | 16510               | 89000             
16511      | 16511               | 89001             
16514      | 16514               | 89002             
16515      | 16515               | 89003             
16518      | 16518               | 89004             
16519      | 16519               | 89005             
16521      | 16521               | 89006             
16529      | 16529               | 89007             
16534      | 16534               | 89008             
16537      | 16537               | 89009             
16538      | 16538               | 89010             
1654       | 1654                | 89011             
16546      | 16546               | 89012             
16550      | 16550               | 89013             
16551      | 16551               | 89014             
16564      | 16564               | 89015             
16565      | 16565               | 89016             
16566      | 16566               | 89017             
16567      | 16567               | 89018             
16570      | 16570               | 89019             
16571      | 16571               | 89020             
16578      | 16578               | 89021             
16579      | 16579               | 89022             
16581      | 16581               | 89023             
16586      | 16586               | 89024             
16588      | 16588               | 89025             
1659       | 1659                | 89026             
16590      | 16590               | 89027             
16593      | 16593               | 89028             
16596      | 16596               | 89029             
16599      | 16599               | 89030             
16603      | 16603               | 89031             
1661       | 1661                | 89032             
16616      | 16616               | 89033             
16618      | 16618               | 89034             
16620      | 16620               | 89035             
16621      | 16621               | 89036             
16624      | 16624               | 89037             
16627      | 16627               | 89038             
1663       | 1663                | 89039             
16632      | 16632               | 89040             
16639      | 16639               | 89041             
16640      | 16640               | 89042             
16644      | 16644               | 89043             
16652      | 16652               | 89044             
16656      | 16656               | 89045             
16658      | 16658               | 89046             
16669      | 16669               | 89047             
16676      | 16676               | 89048             
16680      | 16680               | 89049             
16684      | 16684               | 89050             
16686      | 16686               | 89051             
16689      | 16689               | 89052             
16691      | 16691               | 89053             
1670       | 1670                | 89054             
16704      | 16704               | 89055             
16706      | 16706               | 89056             
16709      | 16709               | 89057             
16710      | 16710               | 89058             
16711      | 16711               | 89059             
16717      | 16717               | 89060             
16719      | 16719               | 89061             
16721      | 16721               | 89062             
16722      | 16722               | 89063             
16725      | 16725               | 89064             
16727      | 16727               | 89065             
1673       | 1673                | 89066             
16732      | 16732               | 89067             
16733      | 16733               | 89068             
1674       | 1674                | 89069             
16744      | 16744               | 89070             
1675       | 1675                | 89071             
16753      | 16753               | 89072             
16754      | 16754               | 89073             
16757      | 16757               | 89074             
16762      | 16762               | 89075             
16770      | 16770               | 89076             
16778      | 16778               | 89077             
16779      | 16779               | 89078             
16780      | 16780               | 89079             
16782      | 16782               | 89080             
16786      | 16786               | 89081             
16791      | 16791               | 89082             
16792      | 16792               | 89083             
16793      | 16793               | 89084             
16796      | 16796               | 89085             
16802      | 16802               | 89086             
16803      | 16803               | 89087             
16805      | 16805               | 89088             
1681       | 1681                | 89089             
16810      | 16810               | 89090             
16822      | 16822               | 89091             
16826      | 16826               | 89092             
16831      | 16831               | 89093             
16834      | 16834               | 89094             
16839      | 16839               | 89095             
1684       | 1684                | 89096             
16840      | 16840               | 89097             
16842      | 16842               | 89098             
16844      | 16844               | 89099             
16851      | 16851               | 89100             
16858      | 16858               | 89101             
16861      | 16861               | 89102             
16862      | 16862               | 89103             
16863      | 16863               | 89104             
16865      | 16865               | 89105             
1687       | 1687                | 89106             
16874      | 16874               | 89107             
16876      | 16876               | 89108             
16879      | 16879               | 89109             
1688       | 1688                | 89110             
16880      | 16880               | 89111             
16881      | 16881               | 89112             
16882      | 16882               | 89113             
16883      | 16883               | 89114             
16886      | 16886               | 89115             
16894      | 16894               | 89116             
16896      | 16896               | 89117             
16898      | 16898               | 89118             
16901      | 16901               | 89119             
16903      | 16903               | 89120             
16906      | 16906               | 89121             
16910      | 16910               | 89122             
16913      | 16913               | 89123             
16914      | 16914               | 89124             
16918      | 16918               | 89125             
16924      | 16924               | 89126             
16929      | 16929               | 89127             
16932      | 16932               | 89128             
16933      | 16933               | 89129             
16934      | 16934               | 89130             
16935      | 16935               | 89131             
16943      | 16943               | 89132             
16945      | 16945               | 89133             
16946      | 16946               | 89134             
16949      | 16949               | 89135             
1695       | 1695                | 89136             
16950      | 16950               | 89137             
16951      | 16951               | 89138             
16954      | 16954               | 89139             
16957      | 16957               | 89140             
16962      | 16962               | 89141             
16964      | 16964               | 89142             
16968      | 16968               | 89143             
16971      | 16971               | 89144             
16972      | 16972               | 89145             
16974      | 16974               | 89146             
16976      | 16976               | 89147             
16978      | 16978               | 89148             
1698       | 1698                | 89149             
16982      | 16982               | 89150             
16985      | 16985               | 89151             
16990      | 16990               | 89152             
16992      | 16992               | 89153             
16996      | 16996               | 89154             
170        | 170                 | 89155             
1700       | 1700                | 89156             
17003      | 17003               | 89157             
17008      | 17008               | 89158             
17009      | 17009               | 89159             
17010      | 17010               | 89160             
17011      | 17011               | 89161             
17015      | 17015               | 89162             
17016      | 17016               | 89163             
17018      | 17018               | 89164             
17019      | 17019               | 89165             
17031      | 17031               | 89166             
17033      | 17033               | 89167             
17037      | 17037               | 89168             
17038      | 17038               | 89169             
1704       | 1704                | 89170             
17042      | 17042               | 89171             
17043      | 17043               | 89172             
17049      | 17049               | 89173             
17058      | 17058               | 89174             
1706       | 1706                | 89175             
17076      | 17076               | 89176             
17077      | 17077               | 89177             
1708       | 1708                | 89178             
17083      | 17083               | 89179             
17084      | 17084               | 89180             
17086      | 17086               | 89181             
1709       | 1709                | 89182             
17091      | 17091               | 89183             
171        | 171                 | 89184             
17102      | 17102               | 89185             
17109      | 17109               | 89186             
1711       | 1711                | 89187             
17111      | 17111               | 89188             
17112      | 17112               | 89189             
17113      | 17113               | 89190             
17117      | 17117               | 89191             
17131      | 17131               | 89192             
17133      | 17133               | 89193             
17135      | 17135               | 89194             
17138      | 17138               | 89195             
17150      | 17150               | 89196             
17158      | 17158               | 89197             
17161      | 17161               | 89198             
17167      | 17167               | 89199             
17172      | 17172               | 89200             
17173      | 17173               | 89201             
17176      | 17176               | 89202             
17178      | 17178               | 89203             
17179      | 17179               | 89204             
17181      | 17181               | 89205             
17182      | 17182               | 89206             
17186      | 17186               | 89207             
17195      | 17195               | 89208             
172        | 172                 | 89209             
1720       | 1720                | 89210             
17201      | 17201               | 89211             
1722       | 1722                | 89212             
17227      | 17227               | 89213             
17231      | 17231               | 89214             
17234      | 17234               | 89215             
17237      | 17237               | 89216             
17239      | 17239               | 89217             
17241      | 17241               | 89218             
17243      | 17243               | 89219             
17244      | 17244               | 89220             
17251      | 17251               | 89221             
17253      | 17253               | 89222             
17260      | 17260               | 89223             
17265      | 17265               | 89224             
17267      | 17267               | 89225             
17268      | 17268               | 89226             
17269      | 17269               | 89227             
1727       | 1727                | 89228             
17272      | 17272               | 89229             
17274      | 17274               | 89230             
17278      | 17278               | 89231             
17284      | 17284               | 89232             
17285      | 17285               | 89233             
17289      | 17289               | 89234             
17297      | 17297               | 89235             
17302      | 17302               | 89236             
17305      | 17305               | 89237             
17310      | 17310               | 89238             
17315      | 17315               | 89239             
17316      | 17316               | 89240             
17317      | 17317               | 89241             
17318      | 17318               | 89242             
17319      | 17319               | 89243             
1732       | 1732                | 89244             
17323      | 17323               | 89245             
17329      | 17329               | 89246             
17331      | 17331               | 89247             
17342      | 17342               | 89248             
1735       | 1735                | 89249             
17353      | 17353               | 89250             
17357      | 17357               | 89251             
17364      | 17364               | 89252             
17365      | 17365               | 89253             
17367      | 17367               | 89254             
1737       | 1737                | 89255             
17377      | 17377               | 89256             
17378      | 17378               | 89257             
17382      | 17382               | 89258             
17383      | 17383               | 89259             
17385      | 17385               | 89260             
17386      | 17386               | 89261             
17390      | 17390               | 89262             
17393      | 17393               | 89263             
17399      | 17399               | 89264             
17401      | 17401               | 89265             
17405      | 17405               | 89266             
1742       | 1742                | 89267             
17420      | 17420               | 89268             
17422      | 17422               | 89269             
17423      | 17423               | 89270             
17426      | 17426               | 89271             
17434      | 17434               | 89272             
1744       | 1744                | 89273             
17441      | 17441               | 89274             
17444      | 17444               | 89275             
17447      | 17447               | 89276             
17457      | 17457               | 89277             
17459      | 17459               | 89278             
17463      | 17463               | 89279             
17467      | 17467               | 89280             
17468      | 17468               | 89281             
17479      | 17479               | 89282             
1748       | 1748                | 89283             
17487      | 17487               | 89284             
17488      | 17488               | 89285             
1749       | 1749                | 89286             
17492      | 17492               | 89287             
17495      | 17495               | 89288             
17496      | 17496               | 89289             
175        | 175                 | 89290             
17503      | 17503               | 89291             
17505      | 17505               | 89292             
17506      | 17506               | 89293             
17514      | 17514               | 89294             
17520      | 17520               | 89295             
17521      | 17521               | 89296             
17526      | 17526               | 89297             
17527      | 17527               | 89298             
17530      | 17530               | 89299             
17538      | 17538               | 89300             
17539      | 17539               | 89301             
17540      | 17540               | 89302             
17547      | 17547               | 89303             
17550      | 17550               | 89304             
17553      | 17553               | 89305             
17559      | 17559               | 89306             
17565      | 17565               | 89307             
17571      | 17571               | 89308             
17576      | 17576               | 89309             
17583      | 17583               | 89310             
17585      | 17585               | 89311             
17586      | 17586               | 89312             
17587      | 17587               | 89313             
17589      | 17589               | 89314             
1759       | 1759                | 89315             
17590      | 17590               | 89316             
17596      | 17596               | 89317             
17599      | 17599               | 89318             
176        | 176                 | 89319             
17600      | 17600               | 89320             
17601      | 17601               | 89321             
17608      | 17608               | 89322             
1762       | 1762                | 89323             
17621      | 17621               | 89324             
17626      | 17626               | 89325             
17629      | 17629               | 89326             
17632      | 17632               | 89327             
17635      | 17635               | 89328             
17636      | 17636               | 89329             
17638      | 17638               | 89330             
17643      | 17643               | 89331             
17648      | 17648               | 89332             
1765       | 1765                | 89333             
17654      | 17654               | 89334             
17668      | 17668               | 89335             
17670      | 17670               | 89336             
17682      | 17682               | 89337             
17684      | 17684               | 89338             
17695      | 17695               | 89339             
17700      | 17700               | 89340             
17701      | 17701               | 89341             
17710      | 17710               | 89342             
17713      | 17713               | 89343             
17716      | 17716               | 89344             
1772       | 1772                | 89345             
17725      | 17725               | 89346             
17726      | 17726               | 89347             
17728      | 17728               | 89348             
17730      | 17730               | 89349             
17731      | 17731               | 89350             
17733      | 17733               | 89351             
17734      | 17734               | 89352             
17738      | 17738               | 89353             
17742      | 17742               | 89354             
17744      | 17744               | 89355             
17745      | 17745               | 89356             
17746      | 17746               | 89357             
17756      | 17756               | 89358             
1776       | 1776                | 89359             
17766      | 17766               | 89360             
17769      | 17769               | 89361             
17781      | 17781               | 89362             
17782      | 17782               | 89363             
17784      | 17784               | 89364             
17786      | 17786               | 89365             
17787      | 17787               | 89366             
17790      | 17790               | 89367             
17791      | 17791               | 89368             
17803      | 17803               | 89369             
17805      | 17805               | 89370             
17807      | 17807               | 89371             
17808      | 17808               | 89372             
1781       | 1781                | 89373             
17810      | 17810               | 89374             
17813      | 17813               | 89375             
17816      | 17816               | 89376             
17819      | 17819               | 89377             
17822      | 17822               | 89378             
17823      | 17823               | 89379             
17825      | 17825               | 89380             
17827      | 17827               | 89381             
1783       | 1783                | 89382             
17830      | 17830               | 89383             
17831      | 17831               | 89384             
17836      | 17836               | 89385             
17839      | 17839               | 89386             
17842      | 17842               | 89387             
17843      | 17843               | 89388             
17846      | 17846               | 89389             
17857      | 17857               | 89390             
17859      | 17859               | 89391             
17864      | 17864               | 89392             
17867      | 17867               | 89393             
17868      | 17868               | 89394             
17874      | 17874               | 89395             
17875      | 17875               | 89396             
17888      | 17888               | 89397             
17898      | 17898               | 89398             
17905      | 17905               | 89399             
17908      | 17908               | 89400             
17916      | 17916               | 89401             
17918      | 17918               | 89402             
17939      | 17939               | 89403             
17960      | 17960               | 89404             
17962      | 17962               | 89405             
17963      | 17963               | 89406             
17964      | 17964               | 89407             
17967      | 17967               | 89408             
17969      | 17969               | 89409             
17983      | 17983               | 89410             
17986      | 17986               | 89411             
17988      | 17988               | 89412             
17995      | 17995               | 89413             
17997      | 17997               | 89414             
18002      | 18002               | 89415             
18003      | 18003               | 89416             
18007      | 18007               | 89417             
18009      | 18009               | 89418             
18010      | 18010               | 89419             
18013      | 18013               | 89420             
18014      | 18014               | 89421             
18024      | 18024               | 89422             
18025      | 18025               | 89423             
18031      | 18031               | 89424             
18032      | 18032               | 89425             
18036      | 18036               | 89426             
18047      | 18047               | 89427             
18049      | 18049               | 89428             
1805       | 1805                | 89429             
18050      | 18050               | 89430             
18051      | 18051               | 89431             
18057      | 18057               | 89432             
18060      | 18060               | 89433             
18066      | 18066               | 89434             
18067      | 18067               | 89435             
18072      | 18072               | 89436             
18074      | 18074               | 89437             
18076      | 18076               | 89438             
18078      | 18078               | 89439             
18080      | 18080               | 89440             
18083      | 18083               | 89441             
18087      | 18087               | 89442             
18090      | 18090               | 89443             
18097      | 18097               | 89444             
18098      | 18098               | 89445             
18099      | 18099               | 89446             
18100      | 18100               | 89447             
18108      | 18108               | 89448             
18111      | 18111               | 89449             
18116      | 18116               | 89450             
18119      | 18119               | 89451             
1812       | 1812                | 89452             
18120      | 18120               | 89453             
18125      | 18125               | 89454             
18126      | 18126               | 89455             
1813       | 1813                | 89456             
18133      | 18133               | 89457             
1814       | 1814                | 89458             
18146      | 18146               | 89459             
18153      | 18153               | 89460             
18157      | 18157               | 89461             
18162      | 18162               | 89462             
18163      | 18163               | 89463             
18164      | 18164               | 89464             
18166      | 18166               | 89465             
18171      | 18171               | 89466             
18172      | 18172               | 89467             
18173      | 18173               | 89468             
18180      | 18180               | 89469             
18182      | 18182               | 89470             
18183      | 18183               | 89471             
18184      | 18184               | 89472             
18190      | 18190               | 89473             
18196      | 18196               | 89474             
18198      | 18198               | 89475             
18199      | 18199               | 89476             
1820       | 1820                | 89477             
18205      | 18205               | 89478             
18212      | 18212               | 89479             
18215      | 18215               | 89480             
18221      | 18221               | 89481             
18224      | 18224               | 89482             
1823       | 1823                | 89483             
18234      | 18234               | 89484             
18235      | 18235               | 89485             
18236      | 18236               | 89486             
18244      | 18244               | 89487             
18247      | 18247               | 89488             
18248      | 18248               | 89489             
1825       | 1825                | 89490             
18250      | 18250               | 89491             
18251      | 18251               | 89492             
18256      | 18256               | 89493             
18261      | 18261               | 89494             
18262      | 18262               | 89495             
18263      | 18263               | 89496             
18265      | 18265               | 89497             
18268      | 18268               | 89498             
18272      | 18272               | 89499             
18273      | 18273               | 89500             
18274      | 18274               | 89501             
18277      | 18277               | 89502             
18283      | 18283               | 89503             
18287      | 18287               | 89504             
18289      | 18289               | 89505             
18294      | 18294               | 89506             
18296      | 18296               | 89507             
18298      | 18298               | 89508             
18303      | 18303               | 89509             
18306      | 18306               | 89510             
18309      | 18309               | 89511             
18310      | 18310               | 89512             
18311      | 18311               | 89513             
18317      | 18317               | 89514             
1832       | 1832                | 89515             
18323      | 18323               | 89516             
18334      | 18334               | 89517             
18335      | 18335               | 89518             
18339      | 18339               | 89519             
1834       | 1834                | 89520             
18341      | 18341               | 89521             
18342      | 18342               | 89522             
18343      | 18343               | 89523             
18348      | 18348               | 89524             
18349      | 18349               | 89525             
18350      | 18350               | 89526             
18351      | 18351               | 89527             
18355      | 18355               | 89528             
1836       | 1836                | 89529             
18360      | 18360               | 89530             
18361      | 18361               | 89531             
18364      | 18364               | 89532             
18369      | 18369               | 89533             
18373      | 18373               | 89534             
18378      | 18378               | 89535             
18383      | 18383               | 89536             
18384      | 18384               | 89537             
18385      | 18385               | 89538             
18387      | 18387               | 89539             
18395      | 18395               | 89540             
18397      | 18397               | 89541             
18410      | 18410               | 89542             
18413      | 18413               | 89543             
18414      | 18414               | 89544             
18417      | 18417               | 89545             
1842       | 1842                | 89546             
18420      | 18420               | 89547             
18422      | 18422               | 89548             
18430      | 18430               | 89549             
18433      | 18433               | 89550             
1844       | 1844                | 89551             
18440      | 18440               | 89552             
18442      | 18442               | 89553             
18445      | 18445               | 89554             
18448      | 18448               | 89555             
18452      | 18452               | 89556             
18456      | 18456               | 89557             
18459      | 18459               | 89558             
18460      | 18460               | 89559             
18463      | 18463               | 89560             
18465      | 18465               | 89561             
18470      | 18470               | 89562             
18473      | 18473               | 89563             
18474      | 18474               | 89564             
18475      | 18475               | 89565             
18476      | 18476               | 89566             
18477      | 18477               | 89567             
18480      | 18480               | 89568             
18484      | 18484               | 89569             
18485      | 18485               | 89570             
1849       | 1849                | 89571             
18494      | 18494               | 89572             
18496      | 18496               | 89573             
18497      | 18497               | 89574             
18499      | 18499               | 89575             
18501      | 18501               | 89576             
18505      | 18505               | 89577             
18511      | 18511               | 89578             
18519      | 18519               | 89579             
18521      | 18521               | 89580             
18524      | 18524               | 89581             
18527      | 18527               | 89582             
18538      | 18538               | 89583             
18544      | 18544               | 89584             
18545      | 18545               | 89585             
18546      | 18546               | 89586             
18549      | 18549               | 89587             
18555      | 18555               | 89588             
18558      | 18558               | 89589             
18565      | 18565               | 89590             
1857       | 1857                | 89591             
18573      | 18573               | 89592             
18575      | 18575               | 89593             
18578      | 18578               | 89594             
18581      | 18581               | 89595             
18598      | 18598               | 89596             
186        | 186                 | 89597             
18618      | 18618               | 89598             
18626      | 18626               | 89599             
18629      | 18629               | 89600             
18631      | 18631               | 89601             
18633      | 18633               | 89602             
18636      | 18636               | 89603             
18637      | 18637               | 89604             
18642      | 18642               | 89605             
18644      | 18644               | 89606             
18647      | 18647               | 89607             
18651      | 18651               | 89608             
18657      | 18657               | 89609             
18660      | 18660               | 89610             
18662      | 18662               | 89611             
18665      | 18665               | 89612             
18678      | 18678               | 89613             
18682      | 18682               | 89614             
18688      | 18688               | 89615             
18690      | 18690               | 89616             
18698      | 18698               | 89617             
187        | 187                 | 89618             
1870       | 1870                | 89619             
18700      | 18700               | 89620             
18702      | 18702               | 89621             
18707      | 18707               | 89622             
18709      | 18709               | 89623             
18716      | 18716               | 89624             
18718      | 18718               | 89625             
18719      | 18719               | 89626             
18721      | 18721               | 89627             
1873       | 1873                | 89628             
18733      | 18733               | 89629             
18735      | 18735               | 89630             
18736      | 18736               | 89631             
18743      | 18743               | 89632             
18749      | 18749               | 89633             
1875       | 1875                | 89634             
18757      | 18757               | 89635             
18758      | 18758               | 89636             
18761      | 18761               | 89637             
18773      | 18773               | 89638             
18776      | 18776               | 89639             
18783      | 18783               | 89640             
18791      | 18791               | 89641             
18792      | 18792               | 89642             
18795      | 18795               | 89643             
18800      | 18800               | 89644             
18801      | 18801               | 89645             
18803      | 18803               | 89646             
18808      | 18808               | 89647             
18809      | 18809               | 89648             
18812      | 18812               | 89649             
18818      | 18818               | 89650             
18826      | 18826               | 89651             
18831      | 18831               | 89652             
18836      | 18836               | 89653             
18839      | 18839               | 89654             
18848      | 18848               | 89655             
1885       | 1885                | 89656             
18851      | 18851               | 89657             
18853      | 18853               | 89658             
18855      | 18855               | 89659             
18859      | 18859               | 89660             
18871      | 18871               | 89661             
18880      | 18880               | 89662             
18881      | 18881               | 89663             
18885      | 18885               | 89664             
18886      | 18886               | 89665             
18887      | 18887               | 89666             
1889       | 1889                | 89667             
18891      | 18891               | 89668             
18892      | 18892               | 89669             
18893      | 18893               | 89670             
18898      | 18898               | 89671             
18907      | 18907               | 89672             
18908      | 18908               | 89673             
18909      | 18909               | 89674             
18910      | 18910               | 89675             
18911      | 18911               | 89676             
18914      | 18914               | 89677             
18916      | 18916               | 89678             
18935      | 18935               | 89679             
18938      | 18938               | 89680             
18940      | 18940               | 89681             
18941      | 18941               | 89682             
18942      | 18942               | 89683             
18946      | 18946               | 89684             
1895       | 1895                | 89685             
18952      | 18952               | 89686             
18956      | 18956               | 89687             
18957      | 18957               | 89688             
18958      | 18958               | 89689             
18959      | 18959               | 89690             
18963      | 18963               | 89691             
18967      | 18967               | 89692             
1897       | 1897                | 89693             
18970      | 18970               | 89694             
18982      | 18982               | 89695             
18983      | 18983               | 89696             
18984      | 18984               | 89697             
18996      | 18996               | 89698             
18997      | 18997               | 89699             
19         | 19                  | 89700             
19000      | 19000               | 89701             
19003      | 19003               | 89702             
19008      | 19008               | 89703             
19011      | 19011               | 89704             
19015      | 19015               | 89705             
19016      | 19016               | 89706             
1902       | 1902                | 89707             
19020      | 19020               | 89708             
19021      | 19021               | 89709             
19025      | 19025               | 89710             
19030      | 19030               | 89711             
19033      | 19033               | 89712             
19034      | 19034               | 89713             
19038      | 19038               | 89714             
19039      | 19039               | 89715             
19045      | 19045               | 89716             
19046      | 19046               | 89717             
19060      | 19060               | 89718             
19065      | 19065               | 89719             
19066      | 19066               | 89720             
19068      | 19068               | 89721             
19079      | 19079               | 89722             
19080      | 19080               | 89723             
19081      | 19081               | 89724             
19086      | 19086               | 89725             
19089      | 19089               | 89726             
19091      | 19091               | 89727             
19093      | 19093               | 89728             
19096      | 19096               | 89729             
1910       | 1910                | 89730             
19109      | 19109               | 89731             
19110      | 19110               | 89732             
19113      | 19113               | 89733             
19118      | 19118               | 89734             
19120      | 19120               | 89735             
19121      | 19121               | 89736             
19122      | 19122               | 89737             
19128      | 19128               | 89738             
19130      | 19130               | 89739             
19144      | 19144               | 89740             
19150      | 19150               | 89741             
19156      | 19156               | 89742             
19158      | 19158               | 89743             
19160      | 19160               | 89744             
19161      | 19161               | 89745             
19170      | 19170               | 89746             
19171      | 19171               | 89747             
19180      | 19180               | 89748             
19182      | 19182               | 89749             
19184      | 19184               | 89750             
1919       | 1919                | 89751             
19195      | 19195               | 89752             
19196      | 19196               | 89753             
1920       | 1920                | 89754             
19204      | 19204               | 89755             
19205      | 19205               | 89756             
19208      | 19208               | 89757             
19213      | 19213               | 89758             
19229      | 19229               | 89759             
19232      | 19232               | 89760             
19233      | 19233               | 89761             
19237      | 19237               | 89762             
19239      | 19239               | 89763             
1924       | 1924                | 89764             
19247      | 19247               | 89765             
19249      | 19249               | 89766             
19250      | 19250               | 89767             
19254      | 19254               | 89768             
19256      | 19256               | 89769             
19263      | 19263               | 89770             
1927       | 1927                | 89771             
19272      | 19272               | 89772             
19273      | 19273               | 89773             
19281      | 19281               | 89774             
19282      | 19282               | 89775             
19289      | 19289               | 89776             
19299      | 19299               | 89777             
19311      | 19311               | 89778             
19313      | 19313               | 89779             
19317      | 19317               | 89780             
19319      | 19319               | 89781             
19325      | 19325               | 89782             
19331      | 19331               | 89783             
19333      | 19333               | 89784             
19341      | 19341               | 89785             
19343      | 19343               | 89786             
19345      | 19345               | 89787             
19350      | 19350               | 89788             
19355      | 19355               | 89789             
19356      | 19356               | 89790             
19360      | 19360               | 89791             
19361      | 19361               | 89792             
19366      | 19366               | 89793             
19378      | 19378               | 89794             
19379      | 19379               | 89795             
19380      | 19380               | 89796             
1939       | 1939                | 89797             
19390      | 19390               | 89798             
19396      | 19396               | 89799             
194        | 194                 | 89800             
1940       | 1940                | 89801             
19400      | 19400               | 89802             
19404      | 19404               | 89803             
1941       | 1941                | 89804             
19418      | 19418               | 89805             
19423      | 19423               | 89806             
19424      | 19424               | 89807             
19428      | 19428               | 89808             
19437      | 19437               | 89809             
19438      | 19438               | 89810             
1944       | 1944                | 89811             
19447      | 19447               | 89812             
19450      | 19450               | 89813             
19452      | 19452               | 89814             
19455      | 19455               | 89815             
19457      | 19457               | 89816             
19461      | 19461               | 89817             
19463      | 19463               | 89818             
19465      | 19465               | 89819             
19467      | 19467               | 89820             
19469      | 19469               | 89821             
19471      | 19471               | 89822             
19472      | 19472               | 89823             
19473      | 19473               | 89824             
19480      | 19480               | 89825             
19484      | 19484               | 89826             
19485      | 19485               | 89827             
19486      | 19486               | 89828             
19489      | 19489               | 89829             
19494      | 19494               | 89830             
19499      | 19499               | 89831             
1950       | 1950                | 89832             
19500      | 19500               | 89833             
19506      | 19506               | 89834             
19510      | 19510               | 89835             
19518      | 19518               | 89836             
19521      | 19521               | 89837             
19525      | 19525               | 89838             
19528      | 19528               | 89839             
19531      | 19531               | 89840             
19535      | 19535               | 89841             
19536      | 19536               | 89842             
19542      | 19542               | 89843             
19549      | 19549               | 89844             
19552      | 19552               | 89845             
19560      | 19560               | 89846             
19565      | 19565               | 89847             
19571      | 19571               | 89848             
19573      | 19573               | 89849             
19576      | 19576               | 89850             
19582      | 19582               | 89851             
19585      | 19585               | 89852             
19586      | 19586               | 89853             
19587      | 19587               | 89854             
1959       | 1959                | 89855             
19591      | 19591               | 89856             
19593      | 19593               | 89857             
19595      | 19595               | 89858             
19597      | 19597               | 89859             
19600      | 19600               | 89860             
19605      | 19605               | 89861             
19606      | 19606               | 89862             
19609      | 19609               | 89863             
19612      | 19612               | 89864             
19613      | 19613               | 89865             
19618      | 19618               | 89866             
19621      | 19621               | 89867             
19623      | 19623               | 89868             
19624      | 19624               | 89869             
19626      | 19626               | 89870             
19628      | 19628               | 89871             
1963       | 1963                | 89872             
19634      | 19634               | 89873             
19635      | 19635               | 89874             
19645      | 19645               | 89875             
19650      | 19650               | 89876             
19652      | 19652               | 89877             
19657      | 19657               | 89878             
19660      | 19660               | 89879             
19663      | 19663               | 89880             
19665      | 19665               | 89881             
19667      | 19667               | 89882             
19668      | 19668               | 89883             
19675      | 19675               | 89884             
19676      | 19676               | 89885             
19683      | 19683               | 89886             
19688      | 19688               | 89887             
19689      | 19689               | 89888             
1969       | 1969                | 89889             
19692      | 19692               | 89890             
19694      | 19694               | 89891             
197        | 197                 | 89892             
19703      | 19703               | 89893             
19715      | 19715               | 89894             
19719      | 19719               | 89895             
19733      | 19733               | 89896             
19736      | 19736               | 89897             
19740      | 19740               | 89898             
19741      | 19741               | 89899             
19742      | 19742               | 89900             
19746      | 19746               | 89901             
1975       | 1975                | 89902             
19750      | 19750               | 89903             
19753      | 19753               | 89904             
19755      | 19755               | 89905             
19756      | 19756               | 89906             
1976       | 1976                | 89907             
19760      | 19760               | 89908             
19762      | 19762               | 89909             
19764      | 19764               | 89910             
19766      | 19766               | 89911             
19768      | 19768               | 89912             
19773      | 19773               | 89913             
19776      | 19776               | 89914             
19783      | 19783               | 89915             
19784      | 19784               | 89916             
19785      | 19785               | 89917             
19787      | 19787               | 89918             
1979       | 1979                | 89919             
19795      | 19795               | 89920             
19796      | 19796               | 89921             
19799      | 19799               | 89922             
198        | 198                 | 89923             
19804      | 19804               | 89924             
19805      | 19805               | 89925             
19807      | 19807               | 89926             
19808      | 19808               | 89927             
19817      | 19817               | 89928             
1982       | 1982                | 89929             
19825      | 19825               | 89930             
19826      | 19826               | 89931             
19829      | 19829               | 89932             
1983       | 1983                | 89933             
19830      | 19830               | 89934             
19835      | 19835               | 89935             
19836      | 19836               | 89936             
19843      | 19843               | 89937             
19845      | 19845               | 89938             
19852      | 19852               | 89939             
19853      | 19853               | 89940             
19854      | 19854               | 89941             
19856      | 19856               | 89942             
19858      | 19858               | 89943             
19860      | 19860               | 89944             
19866      | 19866               | 89945             
19869      | 19869               | 89946             
19870      | 19870               | 89947             
19871      | 19871               | 89948             
19875      | 19875               | 89949             
19892      | 19892               | 89950             
19899      | 19899               | 89951             
19904      | 19904               | 89952             
19906      | 19906               | 89953             
19910      | 19910               | 89954             
19912      | 19912               | 89955             
19915      | 19915               | 89956             
19920      | 19920               | 89957             
19921      | 19921               | 89958             
19923      | 19923               | 89959             
19927      | 19927               | 89960             
19936      | 19936               | 89961             
19944      | 19944               | 89962             
19950      | 19950               | 89963             
19951      | 19951               | 89964             
19952      | 19952               | 89965             
19954      | 19954               | 89966             
19957      | 19957               | 89967             
19958      | 19958               | 89968             
19972      | 19972               | 89969             
19978      | 19978               | 89970             
19979      | 19979               | 89971             
1998       | 1998                | 89972             
19983      | 19983               | 89973             
19990      | 19990               | 89974             
19991      | 19991               | 89975             
19993      | 19993               | 89976             
19994      | 19994               | 89977             
19997      | 19997               | 89978             
19998      | 19998               | 89979             
20004      | 20004               | 89980             
2001       | 2001                | 89981             
20013      | 20013               | 89982             
20014      | 20014               | 89983             
20017      | 20017               | 89984             
20018      | 20018               | 89985             
20022      | 20022               | 89986             
20030      | 20030               | 89987             
20033      | 20033               | 89988             
20035      | 20035               | 89989             
20040      | 20040               | 89990             
20043      | 20043               | 89991             
20046      | 20046               | 89992             
20048      | 20048               | 89993             
20054      | 20054               | 89994             
20055      | 20055               | 89995             
2006       | 2006                | 89996             
20062      | 20062               | 89997             
20067      | 20067               | 89998             
20069      | 20069               | 89999             
2007       | 2007                | 90000             
20075      | 20075               | 90001             
20088      | 20088               | 90002             
20089      | 20089               | 90003             
2009       | 2009                | 90004             
20090      | 20090               | 90005             
20091      | 20091               | 90006             
20099      | 20099               | 90007             
201        | 201                 | 90008             
20102      | 20102               | 90009             
20104      | 20104               | 90010             
20105      | 20105               | 90011             
20109      | 20109               | 90012             
20114      | 20114               | 90013             
20117      | 20117               | 90014             
20120      | 20120               | 90015             
20122      | 20122               | 90016             
20130      | 20130               | 90017             
2014       | 2014                | 90018             
20140      | 20140               | 90019             
20144      | 20144               | 90020             
20149      | 20149               | 90021             
20156      | 20156               | 90022             
20159      | 20159               | 90023             
20162      | 20162               | 90024             
2017       | 2017                | 90025             
20170      | 20170               | 90026             
20174      | 20174               | 90027             
20177      | 20177               | 90028             
2018       | 2018                | 90029             
20180      | 20180               | 90030             
20181      | 20181               | 90031             
20182      | 20182               | 90032             
20183      | 20183               | 90033             
2019       | 2019                | 90034             
20197      | 20197               | 90035             
20200      | 20200               | 90036             
20226      | 20226               | 90037             
20230      | 20230               | 90038             
20233      | 20233               | 90039             
20236      | 20236               | 90040             
20237      | 20237               | 90041             
20239      | 20239               | 90042             
20244      | 20244               | 90043             
20251      | 20251               | 90044             
20252      | 20252               | 90045             
20255      | 20255               | 90046             
20257      | 20257               | 90047             
20266      | 20266               | 90048             
20267      | 20267               | 90049             
2027       | 2027                | 90050             
20275      | 20275               | 90051             
20276      | 20276               | 90052             
2028       | 2028                | 90053             
20280      | 20280               | 90054             
20286      | 20286               | 90055             
20288      | 20288               | 90056             
20291      | 20291               | 90057             
20293      | 20293               | 90058             
20294      | 20294               | 90059             
20295      | 20295               | 90060             
20298      | 20298               | 90061             
20299      | 20299               | 90062             
203        | 203                 | 90063             
20303      | 20303               | 90064             
20304      | 20304               | 90065             
20308      | 20308               | 90066             
20312      | 20312               | 90067             
20313      | 20313               | 90068             
20316      | 20316               | 90069             
20318      | 20318               | 90070             
20325      | 20325               | 90071             
20327      | 20327               | 90072             
20337      | 20337               | 90073             
20338      | 20338               | 90074             
20346      | 20346               | 90075             
20347      | 20347               | 90076             
20351      | 20351               | 90077             
20353      | 20353               | 90078             
20356      | 20356               | 90079             
20357      | 20357               | 90080             
20358      | 20358               | 90081             
20360      | 20360               | 90082             
20362      | 20362               | 90083             
20369      | 20369               | 90084             
20370      | 20370               | 90085             
20376      | 20376               | 90086             
20379      | 20379               | 90087             
2038       | 2038                | 90088             
2040       | 2040                | 90089             
20400      | 20400               | 90090             
20401      | 20401               | 90091             
20402      | 20402               | 90092             
20403      | 20403               | 90093             
20407      | 20407               | 90094             
20409      | 20409               | 90095             
20410      | 20410               | 90096             
20418      | 20418               | 90097             
20420      | 20420               | 90098             
20427      | 20427               | 90099             
20441      | 20441               | 90100             
20442      | 20442               | 90101             
20448      | 20448               | 90102             
2045       | 2045                | 90103             
20451      | 20451               | 90104             
20453      | 20453               | 90105             
20460      | 20460               | 90106             
20462      | 20462               | 90107             
20463      | 20463               | 90108             
20465      | 20465               | 90109             
20468      | 20468               | 90110             
2048       | 2048                | 90111             
20484      | 20484               | 90112             
20486      | 20486               | 90113             
20491      | 20491               | 90114             
20496      | 20496               | 90115             
20497      | 20497               | 90116             
20498      | 20498               | 90117             
20500      | 20500               | 90118             
20515      | 20515               | 90119             
20518      | 20518               | 90120             
20519      | 20519               | 90121             
20524      | 20524               | 90122             
20537      | 20537               | 90123             
20539      | 20539               | 90124             
2054       | 2054                | 90125             
20541      | 20541               | 90126             
20543      | 20543               | 90127             
20545      | 20545               | 90128             
20546      | 20546               | 90129             
20547      | 20547               | 90130             
20549      | 20549               | 90131             
2055       | 2055                | 90132             
20550      | 20550               | 90133             
20551      | 20551               | 90134             
20557      | 20557               | 90135             
20559      | 20559               | 90136             
2056       | 2056                | 90137             
20562      | 20562               | 90138             
20567      | 20567               | 90139             
20569      | 20569               | 90140             
20572      | 20572               | 90141             
20575      | 20575               | 90142             
20576      | 20576               | 90143             
20577      | 20577               | 90144             
20578      | 20578               | 90145             
20581      | 20581               | 90146             
20587      | 20587               | 90147             
20592      | 20592               | 90148             
20596      | 20596               | 90149             
206        | 206                 | 90150             
20601      | 20601               | 90151             
20605      | 20605               | 90152             
20612      | 20612               | 90153             
20614      | 20614               | 90154             
20615      | 20615               | 90155             
20627      | 20627               | 90156             
20639      | 20639               | 90157             
20646      | 20646               | 90158             
20647      | 20647               | 90159             
2065       | 2065                | 90160             
20652      | 20652               | 90161             
20655      | 20655               | 90162             
20657      | 20657               | 90163             
2066       | 2066                | 90164             
20661      | 20661               | 90165             
20664      | 20664               | 90166             
20675      | 20675               | 90167             
20676      | 20676               | 90168             
2068       | 2068                | 90169             
20680      | 20680               | 90170             
20681      | 20681               | 90171             
20682      | 20682               | 90172             
20686      | 20686               | 90173             
20687      | 20687               | 90174             
2069       | 2069                | 90175             
20691      | 20691               | 90176             
20707      | 20707               | 90177             
20715      | 20715               | 90178             
20717      | 20717               | 90179             
20721      | 20721               | 90180             
20728      | 20728               | 90181             
2073       | 2073                | 90182             
20734      | 20734               | 90183             
20735      | 20735               | 90184             
20741      | 20741               | 90185             
20742      | 20742               | 90186             
20745      | 20745               | 90187             
20748      | 20748               | 90188             
20750      | 20750               | 90189             
20758      | 20758               | 90190             
20761      | 20761               | 90191             
20763      | 20763               | 90192             
20767      | 20767               | 90193             
20770      | 20770               | 90194             
20771      | 20771               | 90195             
20775      | 20775               | 90196             
20776      | 20776               | 90197             
20780      | 20780               | 90198             
20781      | 20781               | 90199             
20782      | 20782               | 90200             
20783      | 20783               | 90201             
20803      | 20803               | 90202             
20804      | 20804               | 90203             
20806      | 20806               | 90204             
20809      | 20809               | 90205             
2081       | 2081                | 90206             
20814      | 20814               | 90207             
20816      | 20816               | 90208             
20818      | 20818               | 90209             
20830      | 20830               | 90210             
20831      | 20831               | 90211             
20837      | 20837               | 90212             
20840      | 20840               | 90213             
20841      | 20841               | 90214             
20850      | 20850               | 90215             
20853      | 20853               | 90216             
20861      | 20861               | 90217             
20865      | 20865               | 90218             
20867      | 20867               | 90219             
20868      | 20868               | 90220             
20879      | 20879               | 90221             
20881      | 20881               | 90222             
20883      | 20883               | 90223             
20886      | 20886               | 90224             
20889      | 20889               | 90225             
2089       | 2089                | 90226             
20890      | 20890               | 90227             
20892      | 20892               | 90228             
20893      | 20893               | 90229             
20896      | 20896               | 90230             
20899      | 20899               | 90231             
209        | 209                 | 90232             
20900      | 20900               | 90233             
20902      | 20902               | 90234             
20905      | 20905               | 90235             
20906      | 20906               | 90236             
20907      | 20907               | 90237             
20910      | 20910               | 90238             
20912      | 20912               | 90239             
20914      | 20914               | 90240             
20918      | 20918               | 90241             
20923      | 20923               | 90242             
20924      | 20924               | 90243             
20925      | 20925               | 90244             
2093       | 2093                | 90245             
20930      | 20930               | 90246             
20934      | 20934               | 90247             
20935      | 20935               | 90248             
20936      | 20936               | 90249             
20939      | 20939               | 90250             
20941      | 20941               | 90251             
20943      | 20943               | 90252             
20946      | 20946               | 90253             
2095       | 2095                | 90254             
20956      | 20956               | 90255             
20958      | 20958               | 90256             
2096       | 2096                | 90257             
20962      | 20962               | 90258             
20963      | 20963               | 90259             
20966      | 20966               | 90260             
20973      | 20973               | 90261             
20980      | 20980               | 90262             
20986      | 20986               | 90263             
20988      | 20988               | 90264             
20996      | 20996               | 90265             
20999      | 20999               | 90266             
2101       | 2101                | 90267             
21015      | 21015               | 90268             
21030      | 21030               | 90269             
21032      | 21032               | 90270             
21033      | 21033               | 90271             
21040      | 21040               | 90272             
21045      | 21045               | 90273             
21048      | 21048               | 90274             
21052      | 21052               | 90275             
21058      | 21058               | 90276             
21060      | 21060               | 90277             
21063      | 21063               | 90278             
21065      | 21065               | 90279             
21070      | 21070               | 90280             
21079      | 21079               | 90281             
2108       | 2108                | 90282             
21080      | 21080               | 90283             
21082      | 21082               | 90284             
2109       | 2109                | 90285             
21092      | 21092               | 90286             
21093      | 21093               | 90287             
21097      | 21097               | 90288             
21100      | 21100               | 90289             
21101      | 21101               | 90290             
21109      | 21109               | 90291             
21111      | 21111               | 90292             
21113      | 21113               | 90293             
21119      | 21119               | 90294             
21123      | 21123               | 90295             
21128      | 21128               | 90296             
21133      | 21133               | 90297             
21136      | 21136               | 90298             
21138      | 21138               | 90299             
21143      | 21143               | 90300             
21148      | 21148               | 90301             
2115       | 2115                | 90302             
21151      | 21151               | 90303             
21161      | 21161               | 90304             
21164      | 21164               | 90305             
21168      | 21168               | 90306             
21169      | 21169               | 90307             
21172      | 21172               | 90308             
21178      | 21178               | 90309             
21179      | 21179               | 90310             
2118       | 2118                | 90311             
21189      | 21189               | 90312             
2119       | 2119                | 90313             
21193      | 21193               | 90314             
21195      | 21195               | 90315             
21200      | 21200               | 90316             
21201      | 21201               | 90317             
21207      | 21207               | 90318             
21209      | 21209               | 90319             
2121       | 2121                | 90320             
21211      | 21211               | 90321             
21229      | 21229               | 90322             
21234      | 21234               | 90323             
21235      | 21235               | 90324             
21236      | 21236               | 90325             
21237      | 21237               | 90326             
2124       | 2124                | 90327             
21247      | 21247               | 90328             
21261      | 21261               | 90329             
21262      | 21262               | 90330             
21265      | 21265               | 90331             
21267      | 21267               | 90332             
21269      | 21269               | 90333             
21277      | 21277               | 90334             
2128       | 2128                | 90335             
21289      | 21289               | 90336             
21292      | 21292               | 90337             
21296      | 21296               | 90338             
21299      | 21299               | 90339             
21300      | 21300               | 90340             
21302      | 21302               | 90341             
21304      | 21304               | 90342             
21305      | 21305               | 90343             
2131       | 2131                | 90344             
21314      | 21314               | 90345             
21315      | 21315               | 90346             
21317      | 21317               | 90347             
21321      | 21321               | 90348             
21324      | 21324               | 90349             
21325      | 21325               | 90350             
21329      | 21329               | 90351             
21339      | 21339               | 90352             
21340      | 21340               | 90353             
21341      | 21341               | 90354             
21342      | 21342               | 90355             
21347      | 21347               | 90356             
21349      | 21349               | 90357             
21353      | 21353               | 90358             
21356      | 21356               | 90359             
21357      | 21357               | 90360             
21359      | 21359               | 90361             
21360      | 21360               | 90362             
2137       | 2137                | 90363             
21376      | 21376               | 90364             
2138       | 2138                | 90365             
21381      | 21381               | 90366             
21385      | 21385               | 90367             
21387      | 21387               | 90368             
2139       | 2139                | 90369             
21390      | 21390               | 90370             
21392      | 21392               | 90371             
21399      | 21399               | 90372             
2140       | 2140                | 90373             
21404      | 21404               | 90374             
21414      | 21414               | 90375             
21416      | 21416               | 90376             
21417      | 21417               | 90377             
21424      | 21424               | 90378             
21429      | 21429               | 90379             
2144       | 2144                | 90380             
21442      | 21442               | 90381             
21447      | 21447               | 90382             
21455      | 21455               | 90383             
2146       | 2146                | 90384             
21461      | 21461               | 90385             
21467      | 21467               | 90386             
21470      | 21470               | 90387             
21482      | 21482               | 90388             
21486      | 21486               | 90389             
21490      | 21490               | 90390             
21494      | 21494               | 90391             
21495      | 21495               | 90392             
215        | 215                 | 90393             
21500      | 21500               | 90394             
21501      | 21501               | 90395             
21503      | 21503               | 90396             
2151       | 2151                | 90397             
21516      | 21516               | 90398             
21519      | 21519               | 90399             
21521      | 21521               | 90400             
21522      | 21522               | 90401             
21529      | 21529               | 90402             
21538      | 21538               | 90403             
21540      | 21540               | 90404             
21543      | 21543               | 90405             
21544      | 21544               | 90406             
21546      | 21546               | 90407             
2155       | 2155                | 90408             
21554      | 21554               | 90409             
21556      | 21556               | 90410             
21561      | 21561               | 90411             
21564      | 21564               | 90412             
21565      | 21565               | 90413             
21569      | 21569               | 90414             
21570      | 21570               | 90415             
21576      | 21576               | 90416             
2158       | 2158                | 90417             
21581      | 21581               | 90418             
21583      | 21583               | 90419             
21586      | 21586               | 90420             
21587      | 21587               | 90421             
21589      | 21589               | 90422             
21595      | 21595               | 90423             
21597      | 21597               | 90424             
21599      | 21599               | 90425             
2160       | 2160                | 90426             
21609      | 21609               | 90427             
21613      | 21613               | 90428             
21616      | 21616               | 90429             
21620      | 21620               | 90430             
21625      | 21625               | 90431             
21632      | 21632               | 90432             
21636      | 21636               | 90433             
21647      | 21647               | 90434             
21649      | 21649               | 90435             
21652      | 21652               | 90436             
2166       | 2166                | 90437             
21667      | 21667               | 90438             
21693      | 21693               | 90439             
21696      | 21696               | 90440             
21697      | 21697               | 90441             
21698      | 21698               | 90442             
21699      | 21699               | 90443             
21700      | 21700               | 90444             
21701      | 21701               | 90445             
21702      | 21702               | 90446             
21704      | 21704               | 90447             
2171       | 2171                | 90448             
21711      | 21711               | 90449             
21712      | 21712               | 90450             
21716      | 21716               | 90451             
21718      | 21718               | 90452             
21723      | 21723               | 90453             
21726      | 21726               | 90454             
21731      | 21731               | 90455             
21733      | 21733               | 90456             
21739      | 21739               | 90457             
21746      | 21746               | 90458             
21749      | 21749               | 90459             
21751      | 21751               | 90460             
21752      | 21752               | 90461             
21755      | 21755               | 90462             
21757      | 21757               | 90463             
21763      | 21763               | 90464             
21764      | 21764               | 90465             
21765      | 21765               | 90466             
21766      | 21766               | 90467             
2177       | 2177                | 90468             
21770      | 21770               | 90469             
21785      | 21785               | 90470             
21787      | 21787               | 90471             
21789      | 21789               | 90472             
21793      | 21793               | 90473             
21794      | 21794               | 90474             
21798      | 21798               | 90475             
218        | 218                 | 90476             
21801      | 21801               | 90477             
21803      | 21803               | 90478             
21805      | 21805               | 90479             
2181       | 2181                | 90480             
21812      | 21812               | 90481             
21817      | 21817               | 90482             
21821      | 21821               | 90483             
21822      | 21822               | 90484             
21826      | 21826               | 90485             
21832      | 21832               | 90486             
21835      | 21835               | 90487             
2184       | 2184                | 90488             
21844      | 21844               | 90489             
21847      | 21847               | 90490             
21850      | 21850               | 90491             
21854      | 21854               | 90492             
21857      | 21857               | 90493             
21862      | 21862               | 90494             
21869      | 21869               | 90495             
21872      | 21872               | 90496             
21887      | 21887               | 90497             
21889      | 21889               | 90498             
21893      | 21893               | 90499             
21894      | 21894               | 90500             
21895      | 21895               | 90501             
21897      | 21897               | 90502             
21899      | 21899               | 90503             
2190       | 2190                | 90504             
21902      | 21902               | 90505             
21903      | 21903               | 90506             
21905      | 21905               | 90507             
21907      | 21907               | 90508             
21917      | 21917               | 90509             
21927      | 21927               | 90510             
21928      | 21928               | 90511             
2193       | 2193                | 90512             
21932      | 21932               | 90513             
21934      | 21934               | 90514             
21938      | 21938               | 90515             
21941      | 21941               | 90516             
21942      | 21942               | 90517             
21944      | 21944               | 90518             
21947      | 21947               | 90519             
21949      | 21949               | 90520             
21957      | 21957               | 90521             
21962      | 21962               | 90522             
21964      | 21964               | 90523             
21966      | 21966               | 90524             
21967      | 21967               | 90525             
21971      | 21971               | 90526             
21977      | 21977               | 90527             
21978      | 21978               | 90528             
21979      | 21979               | 90529             
21991      | 21991               | 90530             
21993      | 21993               | 90531             
21996      | 21996               | 90532             
2200       | 2200                | 90533             
22003      | 22003               | 90534             
22004      | 22004               | 90535             
22007      | 22007               | 90536             
22011      | 22011               | 90537             
22012      | 22012               | 90538             
22013      | 22013               | 90539             
22015      | 22015               | 90540             
22023      | 22023               | 90541             
22029      | 22029               | 90542             
2203       | 2203                | 90543             
22034      | 22034               | 90544             
22052      | 22052               | 90545             
22054      | 22054               | 90546             
2206       | 2206                | 90547             
22060      | 22060               | 90548             
22061      | 22061               | 90549             
22063      | 22063               | 90550             
22068      | 22068               | 90551             
22070      | 22070               | 90552             
22073      | 22073               | 90553             
22083      | 22083               | 90554             
22086      | 22086               | 90555             
22091      | 22091               | 90556             
22097      | 22097               | 90557             
22100      | 22100               | 90558             
22104      | 22104               | 90559             
22105      | 22105               | 90560             
22109      | 22109               | 90561             
22115      | 22115               | 90562             
22122      | 22122               | 90563             
22124      | 22124               | 90564             
22127      | 22127               | 90565             
22128      | 22128               | 90566             
22129      | 22129               | 90567             
2213       | 2213                | 90568             
22136      | 22136               | 90569             
22137      | 22137               | 90570             
22138      | 22138               | 90571             
2214       | 2214                | 90572             
22140      | 22140               | 90573             
22148      | 22148               | 90574             
22153      | 22153               | 90575             
22155      | 22155               | 90576             
22156      | 22156               | 90577             
22157      | 22157               | 90578             
22164      | 22164               | 90579             
22167      | 22167               | 90580             
22176      | 22176               | 90581             
22178      | 22178               | 90582             
22181      | 22181               | 90583             
22183      | 22183               | 90584             
22184      | 22184               | 90585             
22188      | 22188               | 90586             
2219       | 2219                | 90587             
22190      | 22190               | 90588             
22199      | 22199               | 90589             
2220       | 2220                | 90590             
22204      | 22204               | 90591             
2221       | 2221                | 90592             
22210      | 22210               | 90593             
22214      | 22214               | 90594             
22217      | 22217               | 90595             
2222       | 2222                | 90596             
22225      | 22225               | 90597             
22228      | 22228               | 90598             
22235      | 22235               | 90599             
22250      | 22250               | 90600             
22255      | 22255               | 90601             
22256      | 22256               | 90602             
22257      | 22257               | 90603             
22264      | 22264               | 90604             
22265      | 22265               | 90605             
22267      | 22267               | 90606             
22268      | 22268               | 90607             
22270      | 22270               | 90608             
22272      | 22272               | 90609             
22274      | 22274               | 90610             
22279      | 22279               | 90611             
22280      | 22280               | 90612             
22281      | 22281               | 90613             
22288      | 22288               | 90614             
22291      | 22291               | 90615             
22293      | 22293               | 90616             
22295      | 22295               | 90617             
22296      | 22296               | 90618             
22298      | 22298               | 90619             
22300      | 22300               | 90620             
22308      | 22308               | 90621             
22310      | 22310               | 90622             
22315      | 22315               | 90623             
22316      | 22316               | 90624             
22327      | 22327               | 90625             
22336      | 22336               | 90626             
22338      | 22338               | 90627             
22341      | 22341               | 90628             
22349      | 22349               | 90629             
22350      | 22350               | 90630             
22352      | 22352               | 90631             
22354      | 22354               | 90632             
22357      | 22357               | 90633             
22359      | 22359               | 90634             
2236       | 2236                | 90635             
22362      | 22362               | 90636             
22364      | 22364               | 90637             
22367      | 22367               | 90638             
22370      | 22370               | 90639             
22373      | 22373               | 90640             
22380      | 22380               | 90641             
22381      | 22381               | 90642             
22390      | 22390               | 90643             
22391      | 22391               | 90644             
22395      | 22395               | 90645             
22397      | 22397               | 90646             
22399      | 22399               | 90647             
224        | 224                 | 90648             
22401      | 22401               | 90649             
22405      | 22405               | 90650             
22409      | 22409               | 90651             
22413      | 22413               | 90652             
22418      | 22418               | 90653             
22419      | 22419               | 90654             
22424      | 22424               | 90655             
22425      | 22425               | 90656             
22430      | 22430               | 90657             
22432      | 22432               | 90658             
22437      | 22437               | 90659             
22443      | 22443               | 90660             
22445      | 22445               | 90661             
22447      | 22447               | 90662             
22449      | 22449               | 90663             
22452      | 22452               | 90664             
22453      | 22453               | 90665             
22454      | 22454               | 90666             
22456      | 22456               | 90667             
22457      | 22457               | 90668             
22460      | 22460               | 90669             
22461      | 22461               | 90670             
22468      | 22468               | 90671             
22472      | 22472               | 90672             
22480      | 22480               | 90673             
2249       | 2249                | 90674             
22495      | 22495               | 90675             
225        | 225                 | 90676             
22508      | 22508               | 90677             
22513      | 22513               | 90678             
22516      | 22516               | 90679             
22519      | 22519               | 90680             
2252       | 2252                | 90681             
22520      | 22520               | 90682             
22521      | 22521               | 90683             
22522      | 22522               | 90684             
22529      | 22529               | 90685             
22531      | 22531               | 90686             
22543      | 22543               | 90687             
22549      | 22549               | 90688             
2255       | 2255                | 90689             
22553      | 22553               | 90690             
22558      | 22558               | 90691             
22569      | 22569               | 90692             
22572      | 22572               | 90693             
22573      | 22573               | 90694             
22584      | 22584               | 90695             
22592      | 22592               | 90696             
22593      | 22593               | 90697             
22597      | 22597               | 90698             
22602      | 22602               | 90699             
22603      | 22603               | 90700             
22612      | 22612               | 90701             
22614      | 22614               | 90702             
22616      | 22616               | 90703             
22627      | 22627               | 90704             
22640      | 22640               | 90705             
22645      | 22645               | 90706             
22646      | 22646               | 90707             
22648      | 22648               | 90708             
22650      | 22650               | 90709             
22654      | 22654               | 90710             
22655      | 22655               | 90711             
22657      | 22657               | 90712             
22661      | 22661               | 90713             
22668      | 22668               | 90714             
22675      | 22675               | 90715             
22676      | 22676               | 90716             
22679      | 22679               | 90717             
2268       | 2268                | 90718             
22685      | 22685               | 90719             
22686      | 22686               | 90720             
22694      | 22694               | 90721             
22696      | 22696               | 90722             
22699      | 22699               | 90723             
22700      | 22700               | 90724             
22709      | 22709               | 90725             
22711      | 22711               | 90726             
22717      | 22717               | 90727             
22722      | 22722               | 90728             
22723      | 22723               | 90729             
22729      | 22729               | 90730             
22732      | 22732               | 90731             
22734      | 22734               | 90732             
22737      | 22737               | 90733             
2274       | 2274                | 90734             
22747      | 22747               | 90735             
2275       | 2275                | 90736             
22751      | 22751               | 90737             
22753      | 22753               | 90738             
22754      | 22754               | 90739             
22757      | 22757               | 90740             
22758      | 22758               | 90741             
2276       | 2276                | 90742             
22764      | 22764               | 90743             
22765      | 22765               | 90744             
22773      | 22773               | 90745             
22777      | 22777               | 90746             
22784      | 22784               | 90747             
22788      | 22788               | 90748             
2279       | 2279                | 90749             
22790      | 22790               | 90750             
2280       | 2280                | 90751             
22800      | 22800               | 90752             
22806      | 22806               | 90753             
22807      | 22807               | 90754             
22808      | 22808               | 90755             
2281       | 2281                | 90756             
22819      | 22819               | 90757             
22823      | 22823               | 90758             
22832      | 22832               | 90759             
22836      | 22836               | 90760             
22838      | 22838               | 90761             
22848      | 22848               | 90762             
22850      | 22850               | 90763             
22852      | 22852               | 90764             
2286       | 2286                | 90765             
22865      | 22865               | 90766             
22869      | 22869               | 90767             
22873      | 22873               | 90768             
22875      | 22875               | 90769             
22876      | 22876               | 90770             
22880      | 22880               | 90771             
22881      | 22881               | 90772             
22883      | 22883               | 90773             
22886      | 22886               | 90774             
22891      | 22891               | 90775             
22893      | 22893               | 90776             
22895      | 22895               | 90777             
22898      | 22898               | 90778             
22899      | 22899               | 90779             
22900      | 22900               | 90780             
22905      | 22905               | 90781             
22906      | 22906               | 90782             
22907      | 22907               | 90783             
22909      | 22909               | 90784             
22910      | 22910               | 90785             
22919      | 22919               | 90786             
22922      | 22922               | 90787             
22925      | 22925               | 90788             
2293       | 2293                | 90789             
22930      | 22930               | 90790             
22945      | 22945               | 90791             
22954      | 22954               | 90792             
22956      | 22956               | 90793             
22958      | 22958               | 90794             
2296       | 2296                | 90795             
22960      | 22960               | 90796             
22972      | 22972               | 90797             
22984      | 22984               | 90798             
22985      | 22985               | 90799             
22986      | 22986               | 90800             
22989      | 22989               | 90801             
2299       | 2299                | 90802             
22999      | 22999               | 90803             
23009      | 23009               | 90804             
23010      | 23010               | 90805             
23014      | 23014               | 90806             
23015      | 23015               | 90807             
2302       | 2302                | 90808             
23021      | 23021               | 90809             
23022      | 23022               | 90810             
23030      | 23030               | 90811             
23045      | 23045               | 90812             
23046      | 23046               | 90813             
23048      | 23048               | 90814             
23050      | 23050               | 90815             
23059      | 23059               | 90816             
2306       | 2306                | 90817             
23066      | 23066               | 90818             
23069      | 23069               | 90819             
23077      | 23077               | 90820             
2308       | 2308                | 90821             
23081      | 23081               | 90822             
23087      | 23087               | 90823             
23089      | 23089               | 90824             
23092      | 23092               | 90825             
23105      | 23105               | 90826             
23108      | 23108               | 90827             
23115      | 23115               | 90828             
23118      | 23118               | 90829             
2312       | 2312                | 90830             
23123      | 23123               | 90831             
23132      | 23132               | 90832             
23134      | 23134               | 90833             
23135      | 23135               | 90834             
23136      | 23136               | 90835             
23137      | 23137               | 90836             
23142      | 23142               | 90837             
23146      | 23146               | 90838             
2316       | 2316                | 90839             
23162      | 23162               | 90840             
23170      | 23170               | 90841             
23172      | 23172               | 90842             
23178      | 23178               | 90843             
2318       | 2318                | 90844             
23184      | 23184               | 90845             
23190      | 23190               | 90846             
23192      | 23192               | 90847             
23195      | 23195               | 90848             
23198      | 23198               | 90849             
232        | 232                 | 90850             
23200      | 23200               | 90851             
23202      | 23202               | 90852             
23203      | 23203               | 90853             
23204      | 23204               | 90854             
23206      | 23206               | 90855             
23210      | 23210               | 90856             
2322       | 2322                | 90857             
23222      | 23222               | 90858             
23223      | 23223               | 90859             
23227      | 23227               | 90860             
23229      | 23229               | 90861             
23234      | 23234               | 90862             
23235      | 23235               | 90863             
23239      | 23239               | 90864             
23240      | 23240               | 90865             
23241      | 23241               | 90866             
23243      | 23243               | 90867             
23246      | 23246               | 90868             
23252      | 23252               | 90869             
23263      | 23263               | 90870             
23264      | 23264               | 90871             
23265      | 23265               | 90872             
23267      | 23267               | 90873             
23270      | 23270               | 90874             
23273      | 23273               | 90875             
23275      | 23275               | 90876             
23281      | 23281               | 90877             
23282      | 23282               | 90878             
23291      | 23291               | 90879             
23294      | 23294               | 90880             
23295      | 23295               | 90881             
233        | 233                 | 90882             
23304      | 23304               | 90883             
23305      | 23305               | 90884             
23309      | 23309               | 90885             
23320      | 23320               | 90886             
23322      | 23322               | 90887             
23325      | 23325               | 90888             
23327      | 23327               | 90889             
2333       | 2333                | 90890             
23336      | 23336               | 90891             
23337      | 23337               | 90892             
23338      | 23338               | 90893             
23344      | 23344               | 90894             
23348      | 23348               | 90895             
23349      | 23349               | 90896             
23352      | 23352               | 90897             
23356      | 23356               | 90898             
23364      | 23364               | 90899             
23367      | 23367               | 90900             
23370      | 23370               | 90901             
23374      | 23374               | 90902             
23377      | 23377               | 90903             
23378      | 23378               | 90904             
23379      | 23379               | 90905             
23387      | 23387               | 90906             
23388      | 23388               | 90907             
23391      | 23391               | 90908             
234        | 234                 | 90909             
2340       | 2340                | 90910             
23403      | 23403               | 90911             
23404      | 23404               | 90912             
23407      | 23407               | 90913             
23412      | 23412               | 90914             
23415      | 23415               | 90915             
23418      | 23418               | 90916             
23419      | 23419               | 90917             
23422      | 23422               | 90918             
23424      | 23424               | 90919             
23429      | 23429               | 90920             
23430      | 23430               | 90921             
23431      | 23431               | 90922             
23438      | 23438               | 90923             
23439      | 23439               | 90924             
23441      | 23441               | 90925             
23443      | 23443               | 90926             
23448      | 23448               | 90927             
23449      | 23449               | 90928             
23456      | 23456               | 90929             
23461      | 23461               | 90930             
23468      | 23468               | 90931             
2347       | 2347                | 90932             
23470      | 23470               | 90933             
23471      | 23471               | 90934             
23473      | 23473               | 90935             
23475      | 23475               | 90936             
23476      | 23476               | 90937             
23477      | 23477               | 90938             
23480      | 23480               | 90939             
23484      | 23484               | 90940             
23503      | 23503               | 90941             
23507      | 23507               | 90942             
23508      | 23508               | 90943             
23509      | 23509               | 90944             
23515      | 23515               | 90945             
2352       | 2352                | 90946             
23523      | 23523               | 90947             
23533      | 23533               | 90948             
23542      | 23542               | 90949             
23543      | 23543               | 90950             
23544      | 23544               | 90951             
23548      | 23548               | 90952             
23549      | 23549               | 90953             
23553      | 23553               | 90954             
23555      | 23555               | 90955             
23556      | 23556               | 90956             
2356       | 2356                | 90957             
23562      | 23562               | 90958             
23564      | 23564               | 90959             
2357       | 2357                | 90960             
23571      | 23571               | 90961             
23573      | 23573               | 90962             
23575      | 23575               | 90963             
23576      | 23576               | 90964             
23579      | 23579               | 90965             
2358       | 2358                | 90966             
23585      | 23585               | 90967             
23586      | 23586               | 90968             
236        | 236                 | 90969             
23600      | 23600               | 90970             
23607      | 23607               | 90971             
23608      | 23608               | 90972             
23619      | 23619               | 90973             
23623      | 23623               | 90974             
23629      | 23629               | 90975             
23635      | 23635               | 90976             
23637      | 23637               | 90977             
23638      | 23638               | 90978             
23641      | 23641               | 90979             
23643      | 23643               | 90980             
23644      | 23644               | 90981             
23645      | 23645               | 90982             
23651      | 23651               | 90983             
23658      | 23658               | 90984             
2366       | 2366                | 90985             
23665      | 23665               | 90986             
23666      | 23666               | 90987             
23672      | 23672               | 90988             
23675      | 23675               | 90989             
23679      | 23679               | 90990             
23687      | 23687               | 90991             
23688      | 23688               | 90992             
23694      | 23694               | 90993             
23695      | 23695               | 90994             
237        | 237                 | 90995             
23707      | 23707               | 90996             
23709      | 23709               | 90997             
23711      | 23711               | 90998             
23712      | 23712               | 90999             
23715      | 23715               | 91000             
23721      | 23721               | 91001             
23726      | 23726               | 91002             
2373       | 2373                | 91003             
23735      | 23735               | 91004             
23736      | 23736               | 91005             
23739      | 23739               | 91006             
23740      | 23740               | 91007             
23741      | 23741               | 91008             
2375       | 2375                | 91009             
23750      | 23750               | 91010             
23751      | 23751               | 91011             
23752      | 23752               | 91012             
23757      | 23757               | 91013             
23759      | 23759               | 91014             
23767      | 23767               | 91015             
23768      | 23768               | 91016             
23771      | 23771               | 91017             
23775      | 23775               | 91018             
23780      | 23780               | 91019             
23781      | 23781               | 91020             
23783      | 23783               | 91021             
23784      | 23784               | 91022             
23786      | 23786               | 91023             
23788      | 23788               | 91024             
23789      | 23789               | 91025             
2379       | 2379                | 91026             
23790      | 23790               | 91027             
23791      | 23791               | 91028             
23793      | 23793               | 91029             
23799      | 23799               | 91030             
23800      | 23800               | 91031             
23809      | 23809               | 91032             
2381       | 2381                | 91033             
23814      | 23814               | 91034             
23818      | 23818               | 91035             
23819      | 23819               | 91036             
23821      | 23821               | 91037             
23832      | 23832               | 91038             
23838      | 23838               | 91039             
23840      | 23840               | 91040             
23843      | 23843               | 91041             
2385       | 2385                | 91042             
23855      | 23855               | 91043             
23856      | 23856               | 91044             
23859      | 23859               | 91045             
23860      | 23860               | 91046             
23861      | 23861               | 91047             
23872      | 23872               | 91048             
23873      | 23873               | 91049             
23879      | 23879               | 91050             
23891      | 23891               | 91051             
23892      | 23892               | 91052             
23897      | 23897               | 91053             
23902      | 23902               | 91054             
23906      | 23906               | 91055             
23911      | 23911               | 91056             
23917      | 23917               | 91057             
2392       | 2392                | 91058             
23926      | 23926               | 91059             
23927      | 23927               | 91060             
23931      | 23931               | 91061             
23933      | 23933               | 91062             
23941      | 23941               | 91063             
23945      | 23945               | 91064             
23952      | 23952               | 91065             
23955      | 23955               | 91066             
23957      | 23957               | 91067             
23960      | 23960               | 91068             
23962      | 23962               | 91069             
23964      | 23964               | 91070             
23966      | 23966               | 91071             
23968      | 23968               | 91072             
2397       | 2397                | 91073             
23976      | 23976               | 91074             
2398       | 2398                | 91075             
23984      | 23984               | 91076             
23985      | 23985               | 91077             
23986      | 23986               | 91078             
23997      | 23997               | 91079             
23998      | 23998               | 91080             
23999      | 23999               | 91081             
240        | 240                 | 91082             
24007      | 24007               | 91083             
24014      | 24014               | 91084             
24016      | 24016               | 91085             
24018      | 24018               | 91086             
24023      | 24023               | 91087             
2403       | 2403                | 91088             
24034      | 24034               | 91089             
24035      | 24035               | 91090             
24037      | 24037               | 91091             
24039      | 24039               | 91092             
2404       | 2404                | 91093             
24040      | 24040               | 91094             
24055      | 24055               | 91095             
24059      | 24059               | 91096             
24060      | 24060               | 91097             
24061      | 24061               | 91098             
24062      | 24062               | 91099             
24063      | 24063               | 91100             
24066      | 24066               | 91101             
24071      | 24071               | 91102             
24072      | 24072               | 91103             
24075      | 24075               | 91104             
24076      | 24076               | 91105             
2408       | 2408                | 91106             
24080      | 24080               | 91107             
24082      | 24082               | 91108             
2409       | 2409                | 91109             
24092      | 24092               | 91110             
24095      | 24095               | 91111             
24097      | 24097               | 91112             
24099      | 24099               | 91113             
2410       | 2410                | 91114             
24103      | 24103               | 91115             
24106      | 24106               | 91116             
24112      | 24112               | 91117             
24113      | 24113               | 91118             
24114      | 24114               | 91119             
24117      | 24117               | 91120             
24118      | 24118               | 91121             
2412       | 2412                | 91122             
24122      | 24122               | 91123             
24125      | 24125               | 91124             
2413       | 2413                | 91125             
24132      | 24132               | 91126             
24143      | 24143               | 91127             
24147      | 24147               | 91128             
2415       | 2415                | 91129             
24153      | 24153               | 91130             
24155      | 24155               | 91131             
24159      | 24159               | 91132             
24164      | 24164               | 91133             
24166      | 24166               | 91134             
24173      | 24173               | 91135             
24178      | 24178               | 91136             
24182      | 24182               | 91137             
24187      | 24187               | 91138             
24190      | 24190               | 91139             
24191      | 24191               | 91140             
24193      | 24193               | 91141             
24195      | 24195               | 91142             
24199      | 24199               | 91143             
24202      | 24202               | 91144             
24208      | 24208               | 91145             
2421       | 2421                | 91146             
24210      | 24210               | 91147             
24225      | 24225               | 91148             
24228      | 24228               | 91149             
24238      | 24238               | 91150             
24239      | 24239               | 91151             
24241      | 24241               | 91152             
24246      | 24246               | 91153             
24257      | 24257               | 91154             
24263      | 24263               | 91155             
24266      | 24266               | 91156             
2427       | 2427                | 91157             
24270      | 24270               | 91158             
24274      | 24274               | 91159             
24280      | 24280               | 91160             
24283      | 24283               | 91161             
24285      | 24285               | 91162             
24293      | 24293               | 91163             
24301      | 24301               | 91164             
24303      | 24303               | 91165             
24311      | 24311               | 91166             
24320      | 24320               | 91167             
24322      | 24322               | 91168             
24323      | 24323               | 91169             
24326      | 24326               | 91170             
24327      | 24327               | 91171             
24332      | 24332               | 91172             
24333      | 24333               | 91173             
24335      | 24335               | 91174             
24338      | 24338               | 91175             
24340      | 24340               | 91176             
24341      | 24341               | 91177             
24342      | 24342               | 91178             
24344      | 24344               | 91179             
24349      | 24349               | 91180             
24352      | 24352               | 91181             
24353      | 24353               | 91182             
24354      | 24354               | 91183             
24355      | 24355               | 91184             
24358      | 24358               | 91185             
24359      | 24359               | 91186             
2436       | 2436                | 91187             
24360      | 24360               | 91188             
24365      | 24365               | 91189             
24371      | 24371               | 91190             
24376      | 24376               | 91191             
24386      | 24386               | 91192             
24388      | 24388               | 91193             
24389      | 24389               | 91194             
24390      | 24390               | 91195             
24400      | 24400               | 91196             
24403      | 24403               | 91197             
24404      | 24404               | 91198             
24406      | 24406               | 91199             
24407      | 24407               | 91200             
2441       | 2441                | 91201             
24410      | 24410               | 91202             
24425      | 24425               | 91203             
24426      | 24426               | 91204             
24432      | 24432               | 91205             
24440      | 24440               | 91206             
24442      | 24442               | 91207             
24444      | 24444               | 91208             
24445      | 24445               | 91209             
24451      | 24451               | 91210             
24455      | 24455               | 91211             
24458      | 24458               | 91212             
24459      | 24459               | 91213             
24460      | 24460               | 91214             
24465      | 24465               | 91215             
24472      | 24472               | 91216             
24487      | 24487               | 91217             
24488      | 24488               | 91218             
24493      | 24493               | 91219             
24498      | 24498               | 91220             
24499      | 24499               | 91221             
245        | 245                 | 91222             
24503      | 24503               | 91223             
24504      | 24504               | 91224             
24505      | 24505               | 91225             
24506      | 24506               | 91226             
24507      | 24507               | 91227             
24509      | 24509               | 91228             
24510      | 24510               | 91229             
24514      | 24514               | 91230             
24516      | 24516               | 91231             
24518      | 24518               | 91232             
24531      | 24531               | 91233             
24532      | 24532               | 91234             
24534      | 24534               | 91235             
24537      | 24537               | 91236             
24544      | 24544               | 91237             
24548      | 24548               | 91238             
24553      | 24553               | 91239             
24556      | 24556               | 91240             
24557      | 24557               | 91241             
24561      | 24561               | 91242             
24571      | 24571               | 91243             
24573      | 24573               | 91244             
24579      | 24579               | 91245             
24582      | 24582               | 91246             
24584      | 24584               | 91247             
24585      | 24585               | 91248             
24588      | 24588               | 91249             
24589      | 24589               | 91250             
24595      | 24595               | 91251             
246        | 246                 | 91252             
24603      | 24603               | 91253             
24604      | 24604               | 91254             
24605      | 24605               | 91255             
24606      | 24606               | 91256             
24608      | 24608               | 91257             
24618      | 24618               | 91258             
24625      | 24625               | 91259             
24627      | 24627               | 91260             
24632      | 24632               | 91261             
24638      | 24638               | 91262             
24639      | 24639               | 91263             
2464       | 2464                | 91264             
24640      | 24640               | 91265             
24643      | 24643               | 91266             
24645      | 24645               | 91267             
24649      | 24649               | 91268             
24650      | 24650               | 91269             
24651      | 24651               | 91270             
24654      | 24654               | 91271             
24655      | 24655               | 91272             
24659      | 24659               | 91273             
24662      | 24662               | 91274             
24664      | 24664               | 91275             
24666      | 24666               | 91276             
24676      | 24676               | 91277             
24677      | 24677               | 91278             
24678      | 24678               | 91279             
24685      | 24685               | 91280             
24686      | 24686               | 91281             
24691      | 24691               | 91282             
24696      | 24696               | 91283             
24697      | 24697               | 91284             
24698      | 24698               | 91285             
24699      | 24699               | 91286             
2470       | 2470                | 91287             
24701      | 24701               | 91288             
24702      | 24702               | 91289             
24708      | 24708               | 91290             
24709      | 24709               | 91291             
24711      | 24711               | 91292             
24712      | 24712               | 91293             
24717      | 24717               | 91294             
24730      | 24730               | 91295             
24732      | 24732               | 91296             
24735      | 24735               | 91297             
24744      | 24744               | 91298             
24746      | 24746               | 91299             
24747      | 24747               | 91300             
24752      | 24752               | 91301             
24758      | 24758               | 91302             
2476       | 2476                | 91303             
24762      | 24762               | 91304             
24767      | 24767               | 91305             
24769      | 24769               | 91306             
24777      | 24777               | 91307             
24782      | 24782               | 91308             
24789      | 24789               | 91309             
24793      | 24793               | 91310             
24797      | 24797               | 91311             
24799      | 24799               | 91312             
24800      | 24800               | 91313             
24804      | 24804               | 91314             
24805      | 24805               | 91315             
24807      | 24807               | 91316             
24811      | 24811               | 91317             
24819      | 24819               | 91318             
2482       | 2482                | 91319             
24822      | 24822               | 91320             
24823      | 24823               | 91321             
24828      | 24828               | 91322             
2483       | 2483                | 91323             
24839      | 24839               | 91324             
2484       | 2484                | 91325             
24841      | 24841               | 91326             
24844      | 24844               | 91327             
24851      | 24851               | 91328             
24857      | 24857               | 91329             
24858      | 24858               | 91330             
24860      | 24860               | 91331             
24861      | 24861               | 91332             
24876      | 24876               | 91333             
24881      | 24881               | 91334             
24883      | 24883               | 91335             
24889      | 24889               | 91336             
2489       | 2489                | 91337             
24892      | 24892               | 91338             
24897      | 24897               | 91339             
2490       | 2490                | 91340             
24901      | 24901               | 91341             
24907      | 24907               | 91342             
24910      | 24910               | 91343             
24913      | 24913               | 91344             
24916      | 24916               | 91345             
2492       | 2492                | 91346             
24922      | 24922               | 91347             
24923      | 24923               | 91348             
24925      | 24925               | 91349             
2493       | 2493                | 91350             
24934      | 24934               | 91351             
24937      | 24937               | 91352             
24938      | 24938               | 91353             
24942      | 24942               | 91354             
24943      | 24943               | 91355             
24944      | 24944               | 91356             
24947      | 24947               | 91357             
24948      | 24948               | 91358             
2495       | 2495                | 91359             
24951      | 24951               | 91360             
24953      | 24953               | 91361             
24957      | 24957               | 91362             
24965      | 24965               | 91363             
24967      | 24967               | 91364             
24971      | 24971               | 91365             
24972      | 24972               | 91366             
24975      | 24975               | 91367             
24976      | 24976               | 91368             
24980      | 24980               | 91369             
24989      | 24989               | 91370             
2499       | 2499                | 91371             
24998      | 24998               | 91372             
25004      | 25004               | 91373             
25006      | 25006               | 91374             
25009      | 25009               | 91375             
2501       | 2501                | 91376             
25019      | 25019               | 91377             
25022      | 25022               | 91378             
25027      | 25027               | 91379             
25028      | 25028               | 91380             
25041      | 25041               | 91381             
25050      | 25050               | 91382             
25057      | 25057               | 91383             
2506       | 2506                | 91384             
25061      | 25061               | 91385             
25069      | 25069               | 91386             
2507       | 2507                | 91387             
25070      | 25070               | 91388             
25072      | 25072               | 91389             
25074      | 25074               | 91390             
2508       | 2508                | 91391             
25082      | 25082               | 91392             
25088      | 25088               | 91393             
25089      | 25089               | 91394             
2509       | 2509                | 91395             
25091      | 25091               | 91396             
25093      | 25093               | 91397             
25097      | 25097               | 91398             
25099      | 25099               | 91399             
25107      | 25107               | 91400             
2511       | 2511                | 91401             
25111      | 25111               | 91402             
25118      | 25118               | 91403             
25124      | 25124               | 91404             
25125      | 25125               | 91405             
25126      | 25126               | 91406             
25140      | 25140               | 91407             
25147      | 25147               | 91408             
25166      | 25166               | 91409             
25167      | 25167               | 91410             
25183      | 25183               | 91411             
25187      | 25187               | 91412             
25192      | 25192               | 91413             
25194      | 25194               | 91414             
25197      | 25197               | 91415             
25198      | 25198               | 91416             
2520       | 2520                | 91417             
25204      | 25204               | 91418             
25210      | 25210               | 91419             
25213      | 25213               | 91420             
25214      | 25214               | 91421             
25218      | 25218               | 91422             
25221      | 25221               | 91423             
25224      | 25224               | 91424             
25227      | 25227               | 91425             
25233      | 25233               | 91426             
25244      | 25244               | 91427             
25248      | 25248               | 91428             
25253      | 25253               | 91429             
25258      | 25258               | 91430             
2527       | 2527                | 91431             
25277      | 25277               | 91432             
25279      | 25279               | 91433             
25284      | 25284               | 91434             
25285      | 25285               | 91435             
25287      | 25287               | 91436             
25288      | 25288               | 91437             
25289      | 25289               | 91438             
25290      | 25290               | 91439             
25301      | 25301               | 91440             
25306      | 25306               | 91441             
2531       | 2531                | 91442             
25321      | 25321               | 91443             
25330      | 25330               | 91444             
25334      | 25334               | 91445             
25342      | 25342               | 91446             
25347      | 25347               | 91447             
25352      | 25352               | 91448             
25355      | 25355               | 91449             
25358      | 25358               | 91450             
25368      | 25368               | 91451             
25373      | 25373               | 91452             
25375      | 25375               | 91453             
25377      | 25377               | 91454             
25380      | 25380               | 91455             
25381      | 25381               | 91456             
25382      | 25382               | 91457             
25391      | 25391               | 91458             
25392      | 25392               | 91459             
25395      | 25395               | 91460             
25396      | 25396               | 91461             
2540       | 2540                | 91462             
25401      | 25401               | 91463             
25402      | 25402               | 91464             
25404      | 25404               | 91465             
25406      | 25406               | 91466             
25407      | 25407               | 91467             
25409      | 25409               | 91468             
2541       | 2541                | 91469             
25423      | 25423               | 91470             
25433      | 25433               | 91471             
25442      | 25442               | 91472             
25443      | 25443               | 91473             
25444      | 25444               | 91474             
25445      | 25445               | 91475             
25448      | 25448               | 91476             
2545       | 2545                | 91477             
25450      | 25450               | 91478             
25451      | 25451               | 91479             
25456      | 25456               | 91480             
25461      | 25461               | 91481             
25470      | 25470               | 91482             
25480      | 25480               | 91483             
25481      | 25481               | 91484             
25483      | 25483               | 91485             
25484      | 25484               | 91486             
25486      | 25486               | 91487             
25488      | 25488               | 91488             
2549       | 2549                | 91489             
25490      | 25490               | 91490             
25494      | 25494               | 91491             
25496      | 25496               | 91492             
25507      | 25507               | 91493             
25509      | 25509               | 91494             
2551       | 2551                | 91495             
25512      | 25512               | 91496             
25533      | 25533               | 91497             
2554       | 2554                | 91498             
25540      | 25540               | 91499             
25541      | 25541               | 91500             
25543      | 25543               | 91501             
25545      | 25545               | 91502             
25549      | 25549               | 91503             
2555       | 2555                | 91504             
25551      | 25551               | 91505             
25557      | 25557               | 91506             
25558      | 25558               | 91507             
25562      | 25562               | 91508             
25564      | 25564               | 91509             
25567      | 25567               | 91510             
25578      | 25578               | 91511             
25581      | 25581               | 91512             
25583      | 25583               | 91513             
25584      | 25584               | 91514             
25588      | 25588               | 91515             
25589      | 25589               | 91516             
25591      | 25591               | 91517             
25595      | 25595               | 91518             
25604      | 25604               | 91519             
25615      | 25615               | 91520             
25626      | 25626               | 91521             
2563       | 2563                | 91522             
25632      | 25632               | 91523             
25636      | 25636               | 91524             
25638      | 25638               | 91525             
25639      | 25639               | 91526             
25646      | 25646               | 91527             
25652      | 25652               | 91528             
25653      | 25653               | 91529             
25655      | 25655               | 91530             
25658      | 25658               | 91531             
2566       | 2566                | 91532             
25660      | 25660               | 91533             
25662      | 25662               | 91534             
25664      | 25664               | 91535             
25668      | 25668               | 91536             
25673      | 25673               | 91537             
25674      | 25674               | 91538             
25677      | 25677               | 91539             
25680      | 25680               | 91540             
25682      | 25682               | 91541             
25688      | 25688               | 91542             
25690      | 25690               | 91543             
25691      | 25691               | 91544             
25697      | 25697               | 91545             
25699      | 25699               | 91546             
2570       | 2570                | 91547             
25701      | 25701               | 91548             
25711      | 25711               | 91549             
25718      | 25718               | 91550             
25719      | 25719               | 91551             
2572       | 2572                | 91552             
25722      | 25722               | 91553             
25723      | 25723               | 91554             
25724      | 25724               | 91555             
25725      | 25725               | 91556             
25729      | 25729               | 91557             
25737      | 25737               | 91558             
25739      | 25739               | 91559             
25741      | 25741               | 91560             
25742      | 25742               | 91561             
25743      | 25743               | 91562             
25749      | 25749               | 91563             
25751      | 25751               | 91564             
25754      | 25754               | 91565             
25757      | 25757               | 91566             
25759      | 25759               | 91567             
25760      | 25760               | 91568             
25764      | 25764               | 91569             
25765      | 25765               | 91570             
25769      | 25769               | 91571             
25774      | 25774               | 91572             
25775      | 25775               | 91573             
25785      | 25785               | 91574             
25794      | 25794               | 91575             
25795      | 25795               | 91576             
25797      | 25797               | 91577             
25799      | 25799               | 91578             
258        | 258                 | 91579             
25805      | 25805               | 91580             
25807      | 25807               | 91581             
25809      | 25809               | 91582             
25817      | 25817               | 91583             
25818      | 25818               | 91584             
25824      | 25824               | 91585             
25827      | 25827               | 91586             
25832      | 25832               | 91587             
2584       | 2584                | 91588             
25840      | 25840               | 91589             
25842      | 25842               | 91590             
25844      | 25844               | 91591             
25845      | 25845               | 91592             
25850      | 25850               | 91593             
25852      | 25852               | 91594             
25861      | 25861               | 91595             
25869      | 25869               | 91596             
25872      | 25872               | 91597             
25876      | 25876               | 91598             
2588       | 2588                | 91599             
25882      | 25882               | 91600             
25884      | 25884               | 91601             
25895      | 25895               | 91602             
25904      | 25904               | 91603             
25907      | 25907               | 91604             
25909      | 25909               | 91605             
25911      | 25911               | 91606             
25917      | 25917               | 91607             
25928      | 25928               | 91608             
2593       | 2593                | 91609             
25930      | 25930               | 91610             
25933      | 25933               | 91611             
25934      | 25934               | 91612             
25943      | 25943               | 91613             
25947      | 25947               | 91614             
25950      | 25950               | 91615             
25952      | 25952               | 91616             
25953      | 25953               | 91617             
25957      | 25957               | 91618             
25959      | 25959               | 91619             
2596       | 2596                | 91620             
25963      | 25963               | 91621             
25965      | 25965               | 91622             
25969      | 25969               | 91623             
25973      | 25973               | 91624             
25975      | 25975               | 91625             
25978      | 25978               | 91626             
2598       | 2598                | 91627             
25983      | 25983               | 91628             
25985      | 25985               | 91629             
25986      | 25986               | 91630             
25987      | 25987               | 91631             
25991      | 25991               | 91632             
25992      | 25992               | 91633             
25995      | 25995               | 91634             
26         | 26                  | 91635             
26002      | 26002               | 91636             
26004      | 26004               | 91637             
26008      | 26008               | 91638             
26010      | 26010               | 91639             
26014      | 26014               | 91640             
26016      | 26016               | 91641             
26021      | 26021               | 91642             
26023      | 26023               | 91643             
26024      | 26024               | 91644             
2603       | 2603                | 91645             
26041      | 26041               | 91646             
2605       | 2605                | 91647             
26051      | 26051               | 91648             
26052      | 26052               | 91649             
26060      | 26060               | 91650             
26068      | 26068               | 91651             
26077      | 26077               | 91652             
26079      | 26079               | 91653             
26080      | 26080               | 91654             
26081      | 26081               | 91655             
26084      | 26084               | 91656             
26091      | 26091               | 91657             
26093      | 26093               | 91658             
26094      | 26094               | 91659             
26098      | 26098               | 91660             
26100      | 26100               | 91661             
26102      | 26102               | 91662             
26106      | 26106               | 91663             
2611       | 2611                | 91664             
26110      | 26110               | 91665             
26111      | 26111               | 91666             
26112      | 26112               | 91667             
26124      | 26124               | 91668             
26125      | 26125               | 91669             
26126      | 26126               | 91670             
26128      | 26128               | 91671             
26133      | 26133               | 91672             
26135      | 26135               | 91673             
26143      | 26143               | 91674             
26147      | 26147               | 91675             
26154      | 26154               | 91676             
26157      | 26157               | 91677             
26168      | 26168               | 91678             
26170      | 26170               | 91679             
26175      | 26175               | 91680             
26176      | 26176               | 91681             
26177      | 26177               | 91682             
26181      | 26181               | 91683             
26182      | 26182               | 91684             
26185      | 26185               | 91685             
26190      | 26190               | 91686             
26191      | 26191               | 91687             
26195      | 26195               | 91688             
26196      | 26196               | 91689             
26197      | 26197               | 91690             
26202      | 26202               | 91691             
26205      | 26205               | 91692             
26219      | 26219               | 91693             
26222      | 26222               | 91694             
26223      | 26223               | 91695             
26224      | 26224               | 91696             
2623       | 2623                | 91697             
26231      | 26231               | 91698             
26233      | 26233               | 91699             
26235      | 26235               | 91700             
26241      | 26241               | 91701             
26242      | 26242               | 91702             
26246      | 26246               | 91703             
26252      | 26252               | 91704             
26253      | 26253               | 91705             
26255      | 26255               | 91706             
26273      | 26273               | 91707             
26275      | 26275               | 91708             
26277      | 26277               | 91709             
26280      | 26280               | 91710             
26285      | 26285               | 91711             
26292      | 26292               | 91712             
26295      | 26295               | 91713             
26297      | 26297               | 91714             
26300      | 26300               | 91715             
26302      | 26302               | 91716             
26303      | 26303               | 91717             
26304      | 26304               | 91718             
26305      | 26305               | 91719             
26308      | 26308               | 91720             
26315      | 26315               | 91721             
26318      | 26318               | 91722             
2632       | 2632                | 91723             
26320      | 26320               | 91724             
26328      | 26328               | 91725             
26332      | 26332               | 91726             
26345      | 26345               | 91727             
26347      | 26347               | 91728             
2635       | 2635                | 91729             
26352      | 26352               | 91730             
26353      | 26353               | 91731             
26357      | 26357               | 91732             
26358      | 26358               | 91733             
26359      | 26359               | 91734             
26363      | 26363               | 91735             
26367      | 26367               | 91736             
26371      | 26371               | 91737             
26372      | 26372               | 91738             
26373      | 26373               | 91739             
26379      | 26379               | 91740             
26386      | 26386               | 91741             
2639       | 2639                | 91742             
26392      | 26392               | 91743             
264        | 264                 | 91744             
26405      | 26405               | 91745             
2641       | 2641                | 91746             
26411      | 26411               | 91747             
26412      | 26412               | 91748             
26416      | 26416               | 91749             
26421      | 26421               | 91750             
26425      | 26425               | 91751             
26427      | 26427               | 91752             
26433      | 26433               | 91753             
26439      | 26439               | 91754             
26441      | 26441               | 91755             
26443      | 26443               | 91756             
26444      | 26444               | 91757             
26445      | 26445               | 91758             
26452      | 26452               | 91759             
26456      | 26456               | 91760             
26457      | 26457               | 91761             
26458      | 26458               | 91762             
26459      | 26459               | 91763             
2646       | 2646                | 91764             
26469      | 26469               | 91765             
26470      | 26470               | 91766             
26471      | 26471               | 91767             
26472      | 26472               | 91768             
26474      | 26474               | 91769             
26475      | 26475               | 91770             
26477      | 26477               | 91771             
26479      | 26479               | 91772             
2648       | 2648                | 91773             
26481      | 26481               | 91774             
26487      | 26487               | 91775             
26490      | 26490               | 91776             
26492      | 26492               | 91777             
26495      | 26495               | 91778             
26498      | 26498               | 91779             
26502      | 26502               | 91780             
26506      | 26506               | 91781             
26509      | 26509               | 91782             
2651       | 2651                | 91783             
26512      | 26512               | 91784             
26520      | 26520               | 91785             
26522      | 26522               | 91786             
26525      | 26525               | 91787             
26527      | 26527               | 91788             
2653       | 2653                | 91789             
26539      | 26539               | 91790             
2654       | 2654                | 91791             
26541      | 26541               | 91792             
2655       | 2655                | 91793             
26555      | 26555               | 91794             
26559      | 26559               | 91795             
2656       | 2656                | 91796             
26561      | 26561               | 91797             
26563      | 26563               | 91798             
26569      | 26569               | 91799             
26571      | 26571               | 91800             
26579      | 26579               | 91801             
26582      | 26582               | 91802             
26589      | 26589               | 91803             
26590      | 26590               | 91804             
26591      | 26591               | 91805             
26594      | 26594               | 91806             
26599      | 26599               | 91807             
26604      | 26604               | 91808             
26608      | 26608               | 91809             
26610      | 26610               | 91810             
26612      | 26612               | 91811             
26616      | 26616               | 91812             
26617      | 26617               | 91813             
26619      | 26619               | 91814             
26626      | 26626               | 91815             
2663       | 2663                | 91816             
26630      | 26630               | 91817             
26636      | 26636               | 91818             
26637      | 26637               | 91819             
26638      | 26638               | 91820             
26649      | 26649               | 91821             
2665       | 2665                | 91822             
26660      | 26660               | 91823             
26661      | 26661               | 91824             
26662      | 26662               | 91825             
26667      | 26667               | 91826             
2668       | 2668                | 91827             
26680      | 26680               | 91828             
26693      | 26693               | 91829             
26699      | 26699               | 91830             
26703      | 26703               | 91831             
26711      | 26711               | 91832             
26717      | 26717               | 91833             
26719      | 26719               | 91834             
26720      | 26720               | 91835             
26722      | 26722               | 91836             
26727      | 26727               | 91837             
26732      | 26732               | 91838             
26733      | 26733               | 91839             
26734      | 26734               | 91840             
26735      | 26735               | 91841             
26738      | 26738               | 91842             
26753      | 26753               | 91843             
26756      | 26756               | 91844             
26761      | 26761               | 91845             
26762      | 26762               | 91846             
26767      | 26767               | 91847             
2677       | 2677                | 91848             
26774      | 26774               | 91849             
26783      | 26783               | 91850             
26786      | 26786               | 91851             
2679       | 2679                | 91852             
26790      | 26790               | 91853             
26796      | 26796               | 91854             
26800      | 26800               | 91855             
26809      | 26809               | 91856             
2681       | 2681                | 91857             
26819      | 26819               | 91858             
26821      | 26821               | 91859             
26823      | 26823               | 91860             
26826      | 26826               | 91861             
26831      | 26831               | 91862             
26834      | 26834               | 91863             
26841      | 26841               | 91864             
26848      | 26848               | 91865             
26852      | 26852               | 91866             
26857      | 26857               | 91867             
26858      | 26858               | 91868             
26859      | 26859               | 91869             
26860      | 26860               | 91870             
26865      | 26865               | 91871             
26866      | 26866               | 91872             
26869      | 26869               | 91873             
26874      | 26874               | 91874             
26879      | 26879               | 91875             
26882      | 26882               | 91876             
26883      | 26883               | 91877             
26892      | 26892               | 91878             
26893      | 26893               | 91879             
26894      | 26894               | 91880             
26895      | 26895               | 91881             
26896      | 26896               | 91882             
26900      | 26900               | 91883             
26905      | 26905               | 91884             
26906      | 26906               | 91885             
26912      | 26912               | 91886             
26914      | 26914               | 91887             
26922      | 26922               | 91888             
26926      | 26926               | 91889             
2693       | 2693                | 91890             
26932      | 26932               | 91891             
26947      | 26947               | 91892             
26948      | 26948               | 91893             
26953      | 26953               | 91894             
26954      | 26954               | 91895             
2697       | 2697                | 91896             
26976      | 26976               | 91897             
26977      | 26977               | 91898             
2698       | 2698                | 91899             
26980      | 26980               | 91900             
26982      | 26982               | 91901             
26983      | 26983               | 91902             
26984      | 26984               | 91903             
26994      | 26994               | 91904             
26996      | 26996               | 91905             
27004      | 27004               | 91906             
27008      | 27008               | 91907             
27013      | 27013               | 91908             
27016      | 27016               | 91909             
2702       | 2702                | 91910             
27024      | 27024               | 91911             
27034      | 27034               | 91912             
27036      | 27036               | 91913             
27039      | 27039               | 91914             
27041      | 27041               | 91915             
27042      | 27042               | 91916             
27045      | 27045               | 91917             
27049      | 27049               | 91918             
27052      | 27052               | 91919             
27058      | 27058               | 91920             
27063      | 27063               | 91921             
27067      | 27067               | 91922             
27069      | 27069               | 91923             
27072      | 27072               | 91924             
27078      | 27078               | 91925             
2708       | 2708                | 91926             
27081      | 27081               | 91927             
27082      | 27082               | 91928             
27084      | 27084               | 91929             
27087      | 27087               | 91930             
27088      | 27088               | 91931             
27091      | 27091               | 91932             
27101      | 27101               | 91933             
27106      | 27106               | 91934             
27109      | 27109               | 91935             
2711       | 2711                | 91936             
27111      | 27111               | 91937             
27115      | 27115               | 91938             
27117      | 27117               | 91939             
27118      | 27118               | 91940             
27119      | 27119               | 91941             
27121      | 27121               | 91942             
27124      | 27124               | 91943             
27126      | 27126               | 91944             
27130      | 27130               | 91945             
27131      | 27131               | 91946             
27132      | 27132               | 91947             
27134      | 27134               | 91948             
27139      | 27139               | 91949             
2714       | 2714                | 91950             
27140      | 27140               | 91951             
27147      | 27147               | 91952             
27156      | 27156               | 91953             
27158      | 27158               | 91954             
2716       | 2716                | 91955             
27174      | 27174               | 91956             
27177      | 27177               | 91957             
2718       | 2718                | 91958             
27180      | 27180               | 91959             
27182      | 27182               | 91960             
27184      | 27184               | 91961             
27186      | 27186               | 91962             
27187      | 27187               | 91963             
27189      | 27189               | 91964             
27192      | 27192               | 91965             
27193      | 27193               | 91966             
272        | 272                 | 91967             
27214      | 27214               | 91968             
27216      | 27216               | 91969             
27219      | 27219               | 91970             
27222      | 27222               | 91971             
27227      | 27227               | 91972             
27229      | 27229               | 91973             
27230      | 27230               | 91974             
27234      | 27234               | 91975             
27237      | 27237               | 91976             
27238      | 27238               | 91977             
27239      | 27239               | 91978             
27240      | 27240               | 91979             
27242      | 27242               | 91980             
2725       | 2725                | 91981             
27251      | 27251               | 91982             
27265      | 27265               | 91983             
27273      | 27273               | 91984             
27283      | 27283               | 91985             
27295      | 27295               | 91986             
27296      | 27296               | 91987             
27302      | 27302               | 91988             
27307      | 27307               | 91989             
27314      | 27314               | 91990             
2732       | 2732                | 91991             
27326      | 27326               | 91992             
27327      | 27327               | 91993             
27328      | 27328               | 91994             
27332      | 27332               | 91995             
27334      | 27334               | 91996             
27335      | 27335               | 91997             
27337      | 27337               | 91998             
27338      | 27338               | 91999             
2734       | 2734                | 92000             
27340      | 27340               | 92001             
27341      | 27341               | 92002             
27343      | 27343               | 92003             
27352      | 27352               | 92004             
27353      | 27353               | 92005             
27355      | 27355               | 92006             
27356      | 27356               | 92007             
27365      | 27365               | 92008             
27367      | 27367               | 92009             
2737       | 2737                | 92010             
27370      | 27370               | 92011             
27377      | 27377               | 92012             
27379      | 27379               | 92013             
27381      | 27381               | 92014             
27383      | 27383               | 92015             
27388      | 27388               | 92016             
27391      | 27391               | 92017             
27393      | 27393               | 92018             
27395      | 27395               | 92019             
27401      | 27401               | 92020             
27402      | 27402               | 92021             
27404      | 27404               | 92022             
27406      | 27406               | 92023             
2742       | 2742                | 92024             
27424      | 27424               | 92025             
27433      | 27433               | 92026             
27437      | 27437               | 92027             
27438      | 27438               | 92028             
27442      | 27442               | 92029             
27443      | 27443               | 92030             
27452      | 27452               | 92031             
27453      | 27453               | 92032             
27455      | 27455               | 92033             
27457      | 27457               | 92034             
27458      | 27458               | 92035             
27462      | 27462               | 92036             
27465      | 27465               | 92037             
27492      | 27492               | 92038             
27493      | 27493               | 92039             
27496      | 27496               | 92040             
27502      | 27502               | 92041             
27508      | 27508               | 92042             
27514      | 27514               | 92043             
27527      | 27527               | 92044             
27529      | 27529               | 92045             
2753       | 2753                | 92046             
27534      | 27534               | 92047             
27536      | 27536               | 92048             
27537      | 27537               | 92049             
27538      | 27538               | 92050             
27540      | 27540               | 92051             
27541      | 27541               | 92052             
27543      | 27543               | 92053             
27544      | 27544               | 92054             
27545      | 27545               | 92055             
27546      | 27546               | 92056             
27548      | 27548               | 92057             
2755       | 2755                | 92058             
27552      | 27552               | 92059             
27555      | 27555               | 92060             
27559      | 27559               | 92061             
27564      | 27564               | 92062             
27565      | 27565               | 92063             
27574      | 27574               | 92064             
27579      | 27579               | 92065             
27583      | 27583               | 92066             
27589      | 27589               | 92067             
2759       | 2759                | 92068             
27594      | 27594               | 92069             
27598      | 27598               | 92070             
27601      | 27601               | 92071             
27605      | 27605               | 92072             
27610      | 27610               | 92073             
27617      | 27617               | 92074             
27619      | 27619               | 92075             
27621      | 27621               | 92076             
27630      | 27630               | 92077             
27634      | 27634               | 92078             
27637      | 27637               | 92079             
27638      | 27638               | 92080             
27640      | 27640               | 92081             
27645      | 27645               | 92082             
27658      | 27658               | 92083             
2766       | 2766                | 92084             
27664      | 27664               | 92085             
27665      | 27665               | 92086             
27677      | 27677               | 92087             
27680      | 27680               | 92088             
27684      | 27684               | 92089             
27688      | 27688               | 92090             
27690      | 27690               | 92091             
27693      | 27693               | 92092             
27695      | 27695               | 92093             
277        | 277                 | 92094             
27701      | 27701               | 92095             
27704      | 27704               | 92096             
27705      | 27705               | 92097             
27707      | 27707               | 92098             
27708      | 27708               | 92099             
27709      | 27709               | 92100             
2773       | 2773                | 92101             
27731      | 27731               | 92102             
27736      | 27736               | 92103             
27737      | 27737               | 92104             
27738      | 27738               | 92105             
27748      | 27748               | 92106             
2775       | 2775                | 92107             
27756      | 27756               | 92108             
27758      | 27758               | 92109             
27761      | 27761               | 92110             
27763      | 27763               | 92111             
27764      | 27764               | 92112             
27773      | 27773               | 92113             
27775      | 27775               | 92114             
27776      | 27776               | 92115             
27779      | 27779               | 92116             
27780      | 27780               | 92117             
27783      | 27783               | 92118             
2779       | 2779                | 92119             
27798      | 27798               | 92120             
27802      | 27802               | 92121             
27803      | 27803               | 92122             
27804      | 27804               | 92123             
27811      | 27811               | 92124             
27813      | 27813               | 92125             
27822      | 27822               | 92126             
27846      | 27846               | 92127             
27848      | 27848               | 92128             
27855      | 27855               | 92129             
27860      | 27860               | 92130             
27864      | 27864               | 92131             
27867      | 27867               | 92132             
27869      | 27869               | 92133             
27870      | 27870               | 92134             
27871      | 27871               | 92135             
2788       | 2788                | 92136             
27880      | 27880               | 92137             
27883      | 27883               | 92138             
27892      | 27892               | 92139             
27898      | 27898               | 92140             
27908      | 27908               | 92141             
2791       | 2791                | 92142             
27913      | 27913               | 92143             
27919      | 27919               | 92144             
27924      | 27924               | 92145             
27926      | 27926               | 92146             
27927      | 27927               | 92147             
27928      | 27928               | 92148             
27929      | 27929               | 92149             
27939      | 27939               | 92150             
27940      | 27940               | 92151             
27944      | 27944               | 92152             
27952      | 27952               | 92153             
27964      | 27964               | 92154             
27972      | 27972               | 92155             
27976      | 27976               | 92156             
27977      | 27977               | 92157             
27980      | 27980               | 92158             
27983      | 27983               | 92159             
27985      | 27985               | 92160             
28007      | 28007               | 92161             
28020      | 28020               | 92162             
28022      | 28022               | 92163             
28025      | 28025               | 92164             
28027      | 28027               | 92165             
2805       | 2805                | 92166             
28058      | 28058               | 92167             
28077      | 28077               | 92168             
28084      | 28084               | 92169             
28088      | 28088               | 92170             
28092      | 28092               | 92171             
2810       | 2810                | 92172             
28103      | 28103               | 92173             
2811       | 2811                | 92174             
28112      | 28112               | 92175             
28114      | 28114               | 92176             
28116      | 28116               | 92177             
28122      | 28122               | 92178             
28128      | 28128               | 92179             
28130      | 28130               | 92180             
28133      | 28133               | 92181             
2814       | 2814                | 92182             
28141      | 28141               | 92183             
28146      | 28146               | 92184             
28148      | 28148               | 92185             
2815       | 2815                | 92186             
28157      | 28157               | 92187             
28168      | 28168               | 92188             
28173      | 28173               | 92189             
28177      | 28177               | 92190             
28181      | 28181               | 92191             
28184      | 28184               | 92192             
28193      | 28193               | 92193             
28199      | 28199               | 92194             
28207      | 28207               | 92195             
28208      | 28208               | 92196             
28210      | 28210               | 92197             
28212      | 28212               | 92198             
28221      | 28221               | 92199             
28224      | 28224               | 92200             
28226      | 28226               | 92201             
28230      | 28230               | 92202             
28236      | 28236               | 92203             
28244      | 28244               | 92204             
28247      | 28247               | 92205             
2825       | 2825                | 92206             
28259      | 28259               | 92207             
28262      | 28262               | 92208             
28265      | 28265               | 92209             
28268      | 28268               | 92210             
28273      | 28273               | 92211             
28280      | 28280               | 92212             
28283      | 28283               | 92213             
28288      | 28288               | 92214             
28292      | 28292               | 92215             
28293      | 28293               | 92216             
28299      | 28299               | 92217             
283        | 283                 | 92218             
28300      | 28300               | 92219             
28301      | 28301               | 92220             
28305      | 28305               | 92221             
28307      | 28307               | 92222             
28309      | 28309               | 92223             
28313      | 28313               | 92224             
28317      | 28317               | 92225             
28319      | 28319               | 92226             
28323      | 28323               | 92227             
28324      | 28324               | 92228             
28331      | 28331               | 92229             
28335      | 28335               | 92230             
28336      | 28336               | 92231             
28339      | 28339               | 92232             
28340      | 28340               | 92233             
28341      | 28341               | 92234             
28344      | 28344               | 92235             
28346      | 28346               | 92236             
28351      | 28351               | 92237             
28354      | 28354               | 92238             
28355      | 28355               | 92239             
28363      | 28363               | 92240             
28370      | 28370               | 92241             
28371      | 28371               | 92242             
28373      | 28373               | 92243             
28375      | 28375               | 92244             
28378      | 28378               | 92245             
28380      | 28380               | 92246             
28384      | 28384               | 92247             
28390      | 28390               | 92248             
28398      | 28398               | 92249             
28399      | 28399               | 92250             
284        | 284                 | 92251             
2840       | 2840                | 92252             
2842       | 2842                | 92253             
28420      | 28420               | 92254             
28428      | 28428               | 92255             
28430      | 28430               | 92256             
2844       | 2844                | 92257             
28443      | 28443               | 92258             
2845       | 2845                | 92259             
28455      | 28455               | 92260             
28462      | 28462               | 92261             
28466      | 28466               | 92262             
28470      | 28470               | 92263             
28472      | 28472               | 92264             
28479      | 28479               | 92265             
2848       | 2848                | 92266             
28481      | 28481               | 92267             
28491      | 28491               | 92268             
28499      | 28499               | 92269             
28504      | 28504               | 92270             
2851       | 2851                | 92271             
28510      | 28510               | 92272             
28511      | 28511               | 92273             
28514      | 28514               | 92274             
2852       | 2852                | 92275             
28525      | 28525               | 92276             
28534      | 28534               | 92277             
28537      | 28537               | 92278             
28538      | 28538               | 92279             
28539      | 28539               | 92280             
2854       | 2854                | 92281             
28541      | 28541               | 92282             
28545      | 28545               | 92283             
28548      | 28548               | 92284             
2855       | 2855                | 92285             
28555      | 28555               | 92286             
28559      | 28559               | 92287             
28560      | 28560               | 92288             
28562      | 28562               | 92289             
28575      | 28575               | 92290             
28576      | 28576               | 92291             
28577      | 28577               | 92292             
28578      | 28578               | 92293             
2858       | 2858                | 92294             
28585      | 28585               | 92295             
28587      | 28587               | 92296             
2859       | 2859                | 92297             
28590      | 28590               | 92298             
28593      | 28593               | 92299             
28596      | 28596               | 92300             
28599      | 28599               | 92301             
28607      | 28607               | 92302             
28609      | 28609               | 92303             
28612      | 28612               | 92304             
28613      | 28613               | 92305             
28614      | 28614               | 92306             
28620      | 28620               | 92307             
28623      | 28623               | 92308             
28625      | 28625               | 92309             
2863       | 2863                | 92310             
28635      | 28635               | 92311             
28637      | 28637               | 92312             
28649      | 28649               | 92313             
28651      | 28651               | 92314             
28653      | 28653               | 92315             
2866       | 2866                | 92316             
28660      | 28660               | 92317             
28662      | 28662               | 92318             
28671      | 28671               | 92319             
28679      | 28679               | 92320             
2868       | 2868                | 92321             
28684      | 28684               | 92322             
28685      | 28685               | 92323             
28688      | 28688               | 92324             
28689      | 28689               | 92325             
2869       | 2869                | 92326             
28690      | 28690               | 92327             
28695      | 28695               | 92328             
28696      | 28696               | 92329             
28707      | 28707               | 92330             
28708      | 28708               | 92331             
2871       | 2871                | 92332             
28713      | 28713               | 92333             
2872       | 2872                | 92334             
28725      | 28725               | 92335             
28735      | 28735               | 92336             
28738      | 28738               | 92337             
28740      | 28740               | 92338             
28746      | 28746               | 92339             
2875       | 2875                | 92340             
28750      | 28750               | 92341             
28753      | 28753               | 92342             
28754      | 28754               | 92343             
2876       | 2876                | 92344             
28764      | 28764               | 92345             
28766      | 28766               | 92346             
28768      | 28768               | 92347             
28770      | 28770               | 92348             
28771      | 28771               | 92349             
28776      | 28776               | 92350             
28779      | 28779               | 92351             
2878       | 2878                | 92352             
28784      | 28784               | 92353             
28786      | 28786               | 92354             
28787      | 28787               | 92355             
28792      | 28792               | 92356             
2880       | 2880                | 92357             
28804      | 28804               | 92358             
28810      | 28810               | 92359             
28813      | 28813               | 92360             
28818      | 28818               | 92361             
28819      | 28819               | 92362             
2882       | 2882                | 92363             
28821      | 28821               | 92364             
28825      | 28825               | 92365             
28826      | 28826               | 92366             
28830      | 28830               | 92367             
28831      | 28831               | 92368             
28833      | 28833               | 92369             
28834      | 28834               | 92370             
28837      | 28837               | 92371             
28838      | 28838               | 92372             
28840      | 28840               | 92373             
28842      | 28842               | 92374             
28844      | 28844               | 92375             
28845      | 28845               | 92376             
28849      | 28849               | 92377             
28853      | 28853               | 92378             
28854      | 28854               | 92379             
28868      | 28868               | 92380             
28869      | 28869               | 92381             
2887       | 2887                | 92382             
28871      | 28871               | 92383             
28872      | 28872               | 92384             
28873      | 28873               | 92385             
28877      | 28877               | 92386             
28879      | 28879               | 92387             
28880      | 28880               | 92388             
28884      | 28884               | 92389             
28890      | 28890               | 92390             
28892      | 28892               | 92391             
28895      | 28895               | 92392             
28903      | 28903               | 92393             
28907      | 28907               | 92394             
28913      | 28913               | 92395             
28916      | 28916               | 92396             
28929      | 28929               | 92397             
28930      | 28930               | 92398             
28931      | 28931               | 92399             
28935      | 28935               | 92400             
28940      | 28940               | 92401             
28945      | 28945               | 92402             
28946      | 28946               | 92403             
28952      | 28952               | 92404             
28954      | 28954               | 92405             
28956      | 28956               | 92406             
28965      | 28965               | 92407             
28966      | 28966               | 92408             
28971      | 28971               | 92409             
28976      | 28976               | 92410             
28978      | 28978               | 92411             
28979      | 28979               | 92412             
28980      | 28980               | 92413             
28981      | 28981               | 92414             
28985      | 28985               | 92415             
28990      | 28990               | 92416             
28993      | 28993               | 92417             
28994      | 28994               | 92418             
28998      | 28998               | 92419             
29000      | 29000               | 92420             
29004      | 29004               | 92421             
29006      | 29006               | 92422             
29007      | 29007               | 92423             
29010      | 29010               | 92424             
29012      | 29012               | 92425             
29015      | 29015               | 92426             
29016      | 29016               | 92427             
29019      | 29019               | 92428             
29021      | 29021               | 92429             
29022      | 29022               | 92430             
29028      | 29028               | 92431             
29030      | 29030               | 92432             
2904       | 2904                | 92433             
29042      | 29042               | 92434             
29047      | 29047               | 92435             
29048      | 29048               | 92436             
29049      | 29049               | 92437             
29052      | 29052               | 92438             
29054      | 29054               | 92439             
29056      | 29056               | 92440             
29061      | 29061               | 92441             
29064      | 29064               | 92442             
29065      | 29065               | 92443             
29067      | 29067               | 92444             
29077      | 29077               | 92445             
29079      | 29079               | 92446             
2908       | 2908                | 92447             
29081      | 29081               | 92448             
29083      | 29083               | 92449             
29088      | 29088               | 92450             
29089      | 29089               | 92451             
29096      | 29096               | 92452             
291        | 291                 | 92453             
29101      | 29101               | 92454             
29102      | 29102               | 92455             
29105      | 29105               | 92456             
29107      | 29107               | 92457             
29108      | 29108               | 92458             
29111      | 29111               | 92459             
29113      | 29113               | 92460             
29114      | 29114               | 92461             
2912       | 2912                | 92462             
29124      | 29124               | 92463             
29127      | 29127               | 92464             
29129      | 29129               | 92465             
2913       | 2913                | 92466             
29131      | 29131               | 92467             
29135      | 29135               | 92468             
29141      | 29141               | 92469             
29144      | 29144               | 92470             
29147      | 29147               | 92471             
29152      | 29152               | 92472             
29155      | 29155               | 92473             
29159      | 29159               | 92474             
29162      | 29162               | 92475             
29164      | 29164               | 92476             
2917       | 2917                | 92477             
29170      | 29170               | 92478             
29172      | 29172               | 92479             
29175      | 29175               | 92480             
29176      | 29176               | 92481             
29177      | 29177               | 92482             
29184      | 29184               | 92483             
29186      | 29186               | 92484             
29187      | 29187               | 92485             
2919       | 2919                | 92486             
29193      | 29193               | 92487             
29198      | 29198               | 92488             
29207      | 29207               | 92489             
2921       | 2921                | 92490             
29215      | 29215               | 92491             
29216      | 29216               | 92492             
29217      | 29217               | 92493             
29218      | 29218               | 92494             
2922       | 2922                | 92495             
29220      | 29220               | 92496             
29222      | 29222               | 92497             
29227      | 29227               | 92498             
29233      | 29233               | 92499             
29235      | 29235               | 92500             
29238      | 29238               | 92501             
2924       | 2924                | 92502             
29240      | 29240               | 92503             
29247      | 29247               | 92504             
2925       | 2925                | 92505             
29253      | 29253               | 92506             
2926       | 2926                | 92507             
29261      | 29261               | 92508             
29262      | 29262               | 92509             
29268      | 29268               | 92510             
29271      | 29271               | 92511             
29272      | 29272               | 92512             
29275      | 29275               | 92513             
29276      | 29276               | 92514             
29280      | 29280               | 92515             
29287      | 29287               | 92516             
29288      | 29288               | 92517             
29295      | 29295               | 92518             
2930       | 2930                | 92519             
29304      | 29304               | 92520             
29305      | 29305               | 92521             
29312      | 29312               | 92522             
29314      | 29314               | 92523             
29316      | 29316               | 92524             
29318      | 29318               | 92525             
29320      | 29320               | 92526             
29322      | 29322               | 92527             
29323      | 29323               | 92528             
29328      | 29328               | 92529             
29332      | 29332               | 92530             
29335      | 29335               | 92531             
29339      | 29339               | 92532             
29340      | 29340               | 92533             
29342      | 29342               | 92534             
29344      | 29344               | 92535             
29346      | 29346               | 92536             
29348      | 29348               | 92537             
2935       | 2935                | 92538             
29358      | 29358               | 92539             
29360      | 29360               | 92540             
29369      | 29369               | 92541             
29370      | 29370               | 92542             
29371      | 29371               | 92543             
29375      | 29375               | 92544             
29376      | 29376               | 92545             
29382      | 29382               | 92546             
29384      | 29384               | 92547             
29385      | 29385               | 92548             
29388      | 29388               | 92549             
29391      | 29391               | 92550             
29395      | 29395               | 92551             
29398      | 29398               | 92552             
29417      | 29417               | 92553             
29419      | 29419               | 92554             
29421      | 29421               | 92555             
29422      | 29422               | 92556             
29427      | 29427               | 92557             
29429      | 29429               | 92558             
29433      | 29433               | 92559             
29434      | 29434               | 92560             
29436      | 29436               | 92561             
29437      | 29437               | 92562             
29441      | 29441               | 92563             
29442      | 29442               | 92564             
29443      | 29443               | 92565             
2945       | 2945                | 92566             
29450      | 29450               | 92567             
29457      | 29457               | 92568             
29461      | 29461               | 92569             
2947       | 2947                | 92570             
29479      | 29479               | 92571             
2948       | 2948                | 92572             
29494      | 29494               | 92573             
29495      | 29495               | 92574             
29501      | 29501               | 92575             
29502      | 29502               | 92576             
29508      | 29508               | 92577             
29509      | 29509               | 92578             
29511      | 29511               | 92579             
29512      | 29512               | 92580             
29515      | 29515               | 92581             
2952       | 2952                | 92582             
29526      | 29526               | 92583             
29529      | 29529               | 92584             
2953       | 2953                | 92585             
29532      | 29532               | 92586             
29533      | 29533               | 92587             
29542      | 29542               | 92588             
29546      | 29546               | 92589             
29549      | 29549               | 92590             
29557      | 29557               | 92591             
29558      | 29558               | 92592             
2956       | 2956                | 92593             
29562      | 29562               | 92594             
29566      | 29566               | 92595             
29568      | 29568               | 92596             
2957       | 2957                | 92597             
29583      | 29583               | 92598             
29584      | 29584               | 92599             
29587      | 29587               | 92600             
29590      | 29590               | 92601             
29592      | 29592               | 92602             
29594      | 29594               | 92603             
29597      | 29597               | 92604             
296        | 296                 | 92605             
2960       | 2960                | 92606             
29602      | 29602               | 92607             
29603      | 29603               | 92608             
29614      | 29614               | 92609             
29617      | 29617               | 92610             
29622      | 29622               | 92611             
29623      | 29623               | 92612             
29624      | 29624               | 92613             
29630      | 29630               | 92614             
29632      | 29632               | 92615             
29639      | 29639               | 92616             
29642      | 29642               | 92617             
29643      | 29643               | 92618             
29645      | 29645               | 92619             
29646      | 29646               | 92620             
29648      | 29648               | 92621             
29653      | 29653               | 92622             
29654      | 29654               | 92623             
29662      | 29662               | 92624             
29663      | 29663               | 92625             
29666      | 29666               | 92626             
29673      | 29673               | 92627             
29677      | 29677               | 92628             
29678      | 29678               | 92629             
29679      | 29679               | 92630             
29695      | 29695               | 92631             
2970       | 2970                | 92632             
29716      | 29716               | 92633             
29728      | 29728               | 92634             
29729      | 29729               | 92635             
29730      | 29730               | 92636             
29731      | 29731               | 92637             
29733      | 29733               | 92638             
29738      | 29738               | 92639             
2974       | 2974                | 92640             
29742      | 29742               | 92641             
29745      | 29745               | 92642             
2975       | 2975                | 92643             
29755      | 29755               | 92644             
29759      | 29759               | 92645             
29760      | 29760               | 92646             
29764      | 29764               | 92647             
29766      | 29766               | 92648             
29772      | 29772               | 92649             
2978       | 2978                | 92650             
29782      | 29782               | 92651             
29789      | 29789               | 92652             
2979       | 2979                | 92653             
29790      | 29790               | 92654             
29798      | 29798               | 92655             
29799      | 29799               | 92656             
29801      | 29801               | 92657             
29803      | 29803               | 92658             
29813      | 29813               | 92659             
29814      | 29814               | 92660             
2983       | 2983                | 92661             
29830      | 29830               | 92662             
29832      | 29832               | 92663             
29834      | 29834               | 92664             
29842      | 29842               | 92665             
29844      | 29844               | 92666             
29847      | 29847               | 92667             
29853      | 29853               | 92668             
2986       | 2986                | 92669             
29861      | 29861               | 92670             
29864      | 29864               | 92671             
29876      | 29876               | 92672             
29877      | 29877               | 92673             
2988       | 2988                | 92674             
29882      | 29882               | 92675             
29883      | 29883               | 92676             
29886      | 29886               | 92677             
2989       | 2989                | 92678             
29890      | 29890               | 92679             
29893      | 29893               | 92680             
29894      | 29894               | 92681             
29896      | 29896               | 92682             
29901      | 29901               | 92683             
29905      | 29905               | 92684             
29906      | 29906               | 92685             
29913      | 29913               | 92686             
29921      | 29921               | 92687             
29924      | 29924               | 92688             
29927      | 29927               | 92689             
29930      | 29930               | 92690             
29942      | 29942               | 92691             
29943      | 29943               | 92692             
29944      | 29944               | 92693             
29946      | 29946               | 92694             
29948      | 29948               | 92695             
29959      | 29959               | 92696             
29962      | 29962               | 92697             
29965      | 29965               | 92698             
29967      | 29967               | 92699             
29970      | 29970               | 92700             
29972      | 29972               | 92701             
29973      | 29973               | 92702             
29975      | 29975               | 92703             
29989      | 29989               | 92704             
29990      | 29990               | 92705             
29993      | 29993               | 92706             
29994      | 29994               | 92707             
29995      | 29995               | 92708             
29998      | 29998               | 92709             
3          | 3                   | 92710             
30005      | 30005               | 92711             
30008      | 30008               | 92712             
30009      | 30009               | 92713             
30012      | 30012               | 92714             
30017      | 30017               | 92715             
3002       | 3002                | 92716             
30021      | 30021               | 92717             
30023      | 30023               | 92718             
30027      | 30027               | 92719             
30028      | 30028               | 92720             
30029      | 30029               | 92721             
30034      | 30034               | 92722             
30035      | 30035               | 92723             
30037      | 30037               | 92724             
30041      | 30041               | 92725             
30043      | 30043               | 92726             
30047      | 30047               | 92727             
30051      | 30051               | 92728             
30053      | 30053               | 92729             
30057      | 30057               | 92730             
30058      | 30058               | 92731             
30060      | 30060               | 92732             
30066      | 30066               | 92733             
30068      | 30068               | 92734             
30069      | 30069               | 92735             
3007       | 3007                | 92736             
30072      | 30072               | 92737             
30074      | 30074               | 92738             
30076      | 30076               | 92739             
3008       | 3008                | 92740             
30082      | 30082               | 92741             
30086      | 30086               | 92742             
30090      | 30090               | 92743             
30093      | 30093               | 92744             
30099      | 30099               | 92745             
30104      | 30104               | 92746             
30113      | 30113               | 92747             
30116      | 30116               | 92748             
30117      | 30117               | 92749             
30118      | 30118               | 92750             
30120      | 30120               | 92751             
30123      | 30123               | 92752             
30126      | 30126               | 92753             
30127      | 30127               | 92754             
30129      | 30129               | 92755             
30131      | 30131               | 92756             
30136      | 30136               | 92757             
30138      | 30138               | 92758             
3014       | 3014                | 92759             
30140      | 30140               | 92760             
30143      | 30143               | 92761             
3015       | 3015                | 92762             
30150      | 30150               | 92763             
30152      | 30152               | 92764             
30153      | 30153               | 92765             
30158      | 30158               | 92766             
3016       | 3016                | 92767             
30163      | 30163               | 92768             
30166      | 30166               | 92769             
30171      | 30171               | 92770             
30172      | 30172               | 92771             
30175      | 30175               | 92772             
30180      | 30180               | 92773             
30181      | 30181               | 92774             
30183      | 30183               | 92775             
30184      | 30184               | 92776             
30188      | 30188               | 92777             
30189      | 30189               | 92778             
30194      | 30194               | 92779             
30198      | 30198               | 92780             
30199      | 30199               | 92781             
30201      | 30201               | 92782             
30206      | 30206               | 92783             
30210      | 30210               | 92784             
30215      | 30215               | 92785             
3022       | 3022                | 92786             
30220      | 30220               | 92787             
30221      | 30221               | 92788             
30222      | 30222               | 92789             
30226      | 30226               | 92790             
3024       | 3024                | 92791             
30244      | 30244               | 92792             
30253      | 30253               | 92793             
30255      | 30255               | 92794             
30257      | 30257               | 92795             
30259      | 30259               | 92796             
30271      | 30271               | 92797             
30276      | 30276               | 92798             
30277      | 30277               | 92799             
30284      | 30284               | 92800             
30290      | 30290               | 92801             
30301      | 30301               | 92802             
30302      | 30302               | 92803             
30303      | 30303               | 92804             
30308      | 30308               | 92805             
30309      | 30309               | 92806             
3031       | 3031                | 92807             
30311      | 30311               | 92808             
30319      | 30319               | 92809             
30320      | 30320               | 92810             
30324      | 30324               | 92811             
30329      | 30329               | 92812             
3033       | 3033                | 92813             
30331      | 30331               | 92814             
30338      | 30338               | 92815             
30348      | 30348               | 92816             
30349      | 30349               | 92817             
30353      | 30353               | 92818             
30355      | 30355               | 92819             
30357      | 30357               | 92820             
30362      | 30362               | 92821             
30377      | 30377               | 92822             
30382      | 30382               | 92823             
30385      | 30385               | 92824             
30386      | 30386               | 92825             
30389      | 30389               | 92826             
30397      | 30397               | 92827             
30399      | 30399               | 92828             
30401      | 30401               | 92829             
30407      | 30407               | 92830             
30414      | 30414               | 92831             
30415      | 30415               | 92832             
30420      | 30420               | 92833             
30422      | 30422               | 92834             
3044       | 3044                | 92835             
30442      | 30442               | 92836             
30443      | 30443               | 92837             
30446      | 30446               | 92838             
30448      | 30448               | 92839             
30452      | 30452               | 92840             
30455      | 30455               | 92841             
30466      | 30466               | 92842             
30469      | 30469               | 92843             
30470      | 30470               | 92844             
30482      | 30482               | 92845             
30488      | 30488               | 92846             
30489      | 30489               | 92847             
30497      | 30497               | 92848             
30499      | 30499               | 92849             
30500      | 30500               | 92850             
30511      | 30511               | 92851             
30513      | 30513               | 92852             
30514      | 30514               | 92853             
30515      | 30515               | 92854             
30516      | 30516               | 92855             
30519      | 30519               | 92856             
3052       | 3052                | 92857             
30522      | 30522               | 92858             
30531      | 30531               | 92859             
30535      | 30535               | 92860             
30538      | 30538               | 92861             
30547      | 30547               | 92862             
3055       | 3055                | 92863             
30550      | 30550               | 92864             
30555      | 30555               | 92865             
30558      | 30558               | 92866             
30566      | 30566               | 92867             
30573      | 30573               | 92868             
30576      | 30576               | 92869             
30578      | 30578               | 92870             
30580      | 30580               | 92871             
30582      | 30582               | 92872             
3059       | 3059                | 92873             
30590      | 30590               | 92874             
30595      | 30595               | 92875             
306        | 306                 | 92876             
3060       | 3060                | 92877             
30602      | 30602               | 92878             
30606      | 30606               | 92879             
30607      | 30607               | 92880             
30609      | 30609               | 92881             
3061       | 3061                | 92882             
30615      | 30615               | 92883             
30621      | 30621               | 92884             
30622      | 30622               | 92885             
30628      | 30628               | 92886             
30640      | 30640               | 92887             
30646      | 30646               | 92888             
3065       | 3065                | 92889             
30650      | 30650               | 92890             
30651      | 30651               | 92891             
30663      | 30663               | 92892             
30668      | 30668               | 92893             
3068       | 3068                | 92894             
30684      | 30684               | 92895             
30686      | 30686               | 92896             
30688      | 30688               | 92897             
30699      | 30699               | 92898             
30709      | 30709               | 92899             
30713      | 30713               | 92900             
30714      | 30714               | 92901             
30716      | 30716               | 92902             
30721      | 30721               | 92903             
30724      | 30724               | 92904             
30725      | 30725               | 92905             
30730      | 30730               | 92906             
30736      | 30736               | 92907             
30738      | 30738               | 92908             
30742      | 30742               | 92909             
30747      | 30747               | 92910             
30750      | 30750               | 92911             
30752      | 30752               | 92912             
30753      | 30753               | 92913             
30755      | 30755               | 92914             
30756      | 30756               | 92915             
30757      | 30757               | 92916             
3076       | 3076                | 92917             
30760      | 30760               | 92918             
30762      | 30762               | 92919             
30767      | 30767               | 92920             
30771      | 30771               | 92921             
30772      | 30772               | 92922             
30777      | 30777               | 92923             
30778      | 30778               | 92924             
3078       | 3078                | 92925             
30781      | 30781               | 92926             
30782      | 30782               | 92927             
30786      | 30786               | 92928             
30787      | 30787               | 92929             
3079       | 3079                | 92930             
30791      | 30791               | 92931             
30800      | 30800               | 92932             
30801      | 30801               | 92933             
30810      | 30810               | 92934             
30812      | 30812               | 92935             
30815      | 30815               | 92936             
30817      | 30817               | 92937             
30821      | 30821               | 92938             
30825      | 30825               | 92939             
3083       | 3083                | 92940             
30832      | 30832               | 92941             
30833      | 30833               | 92942             
30834      | 30834               | 92943             
30841      | 30841               | 92944             
30843      | 30843               | 92945             
30844      | 30844               | 92946             
30850      | 30850               | 92947             
30856      | 30856               | 92948             
30858      | 30858               | 92949             
30859      | 30859               | 92950             
30877      | 30877               | 92951             
30880      | 30880               | 92952             
30881      | 30881               | 92953             
30890      | 30890               | 92954             
30893      | 30893               | 92955             
30896      | 30896               | 92956             
309        | 309                 | 92957             
30907      | 30907               | 92958             
30909      | 30909               | 92959             
30914      | 30914               | 92960             
3093       | 3093                | 92961             
30933      | 30933               | 92962             
30935      | 30935               | 92963             
30939      | 30939               | 92964             
30946      | 30946               | 92965             
30955      | 30955               | 92966             
30959      | 30959               | 92967             
30966      | 30966               | 92968             
30969      | 30969               | 92969             
30973      | 30973               | 92970             
30978      | 30978               | 92971             
3099       | 3099                | 92972             
30994      | 30994               | 92973             
30995      | 30995               | 92974             
310        | 310                 | 92975             
31001      | 31001               | 92976             
31007      | 31007               | 92977             
31008      | 31008               | 92978             
31011      | 31011               | 92979             
31012      | 31012               | 92980             
31014      | 31014               | 92981             
31017      | 31017               | 92982             
31027      | 31027               | 92983             
31028      | 31028               | 92984             
31034      | 31034               | 92985             
31037      | 31037               | 92986             
31045      | 31045               | 92987             
3105       | 3105                | 92988             
31054      | 31054               | 92989             
31055      | 31055               | 92990             
31057      | 31057               | 92991             
31061      | 31061               | 92992             
31063      | 31063               | 92993             
31068      | 31068               | 92994             
31071      | 31071               | 92995             
31074      | 31074               | 92996             
31077      | 31077               | 92997             
31080      | 31080               | 92998             
31085      | 31085               | 92999             
31092      | 31092               | 93000             
31098      | 31098               | 93001             
31099      | 31099               | 93002             
311        | 311                 | 93003             
31103      | 31103               | 93004             
31108      | 31108               | 93005             
31111      | 31111               | 93006             
31116      | 31116               | 93007             
31117      | 31117               | 93008             
3112       | 3112                | 93009             
31124      | 31124               | 93010             
31126      | 31126               | 93011             
31127      | 31127               | 93012             
31129      | 31129               | 93013             
31132      | 31132               | 93014             
31136      | 31136               | 93015             
3114       | 3114                | 93016             
31148      | 31148               | 93017             
3115       | 3115                | 93018             
31160      | 31160               | 93019             
31162      | 31162               | 93020             
31164      | 31164               | 93021             
3117       | 3117                | 93022             
31175      | 31175               | 93023             
31176      | 31176               | 93024             
31179      | 31179               | 93025             
3118       | 3118                | 93026             
31182      | 31182               | 93027             
31183      | 31183               | 93028             
31185      | 31185               | 93029             
31188      | 31188               | 93030             
31196      | 31196               | 93031             
312        | 312                 | 93032             
3120       | 3120                | 93033             
31205      | 31205               | 93034             
31206      | 31206               | 93035             
31208      | 31208               | 93036             
31217      | 31217               | 93037             
31218      | 31218               | 93038             
31220      | 31220               | 93039             
31223      | 31223               | 93040             
31224      | 31224               | 93041             
31225      | 31225               | 93042             
31226      | 31226               | 93043             
31229      | 31229               | 93044             
31233      | 31233               | 93045             
31235      | 31235               | 93046             
31244      | 31244               | 93047             
31246      | 31246               | 93048             
31248      | 31248               | 93049             
31250      | 31250               | 93050             
31258      | 31258               | 93051             
3126       | 3126                | 93052             
31263      | 31263               | 93053             
31264      | 31264               | 93054             
31266      | 31266               | 93055             
3127       | 3127                | 93056             
31271      | 31271               | 93057             
31280      | 31280               | 93058             
31292      | 31292               | 93059             
31294      | 31294               | 93060             
31296      | 31296               | 93061             
31299      | 31299               | 93062             
31310      | 31310               | 93063             
31311      | 31311               | 93064             
31313      | 31313               | 93065             
31314      | 31314               | 93066             
31315      | 31315               | 93067             
31329      | 31329               | 93068             
3133       | 3133                | 93069             
31335      | 31335               | 93070             
31336      | 31336               | 93071             
31343      | 31343               | 93072             
31344      | 31344               | 93073             
31347      | 31347               | 93074             
31352      | 31352               | 93075             
31356      | 31356               | 93076             
31362      | 31362               | 93077             
31363      | 31363               | 93078             
31368      | 31368               | 93079             
31369      | 31369               | 93080             
31371      | 31371               | 93081             
31373      | 31373               | 93082             
31385      | 31385               | 93083             
31386      | 31386               | 93084             
31392      | 31392               | 93085             
31395      | 31395               | 93086             
31396      | 31396               | 93087             
314        | 314                 | 93088             
31412      | 31412               | 93089             
31414      | 31414               | 93090             
31421      | 31421               | 93091             
31428      | 31428               | 93092             
31429      | 31429               | 93093             
31431      | 31431               | 93094             
31448      | 31448               | 93095             
31449      | 31449               | 93096             
31453      | 31453               | 93097             
31456      | 31456               | 93098             
31458      | 31458               | 93099             
31461      | 31461               | 93100             
31463      | 31463               | 93101             
31465      | 31465               | 93102             
31466      | 31466               | 93103             
31467      | 31467               | 93104             
31474      | 31474               | 93105             
31475      | 31475               | 93106             
31479      | 31479               | 93107             
31480      | 31480               | 93108             
31485      | 31485               | 93109             
31489      | 31489               | 93110             
31490      | 31490               | 93111             
31494      | 31494               | 93112             
31500      | 31500               | 93113             
31504      | 31504               | 93114             
31505      | 31505               | 93115             
31508      | 31508               | 93116             
3151       | 3151                | 93117             
31512      | 31512               | 93118             
31514      | 31514               | 93119             
31515      | 31515               | 93120             
31528      | 31528               | 93121             
31529      | 31529               | 93122             
31536      | 31536               | 93123             
31541      | 31541               | 93124             
31545      | 31545               | 93125             
31548      | 31548               | 93126             
31551      | 31551               | 93127             
31552      | 31552               | 93128             
31555      | 31555               | 93129             
31556      | 31556               | 93130             
31559      | 31559               | 93131             
31563      | 31563               | 93132             
31568      | 31568               | 93133             
31573      | 31573               | 93134             
31575      | 31575               | 93135             
31576      | 31576               | 93136             
3158       | 3158                | 93137             
31588      | 31588               | 93138             
31590      | 31590               | 93139             
31595      | 31595               | 93140             
31599      | 31599               | 93141             
31603      | 31603               | 93142             
31608      | 31608               | 93143             
31611      | 31611               | 93144             
31622      | 31622               | 93145             
31624      | 31624               | 93146             
31625      | 31625               | 93147             
31626      | 31626               | 93148             
31630      | 31630               | 93149             
31637      | 31637               | 93150             
31641      | 31641               | 93151             
31645      | 31645               | 93152             
31649      | 31649               | 93153             
31650      | 31650               | 93154             
31651      | 31651               | 93155             
31654      | 31654               | 93156             
31658      | 31658               | 93157             
31662      | 31662               | 93158             
31664      | 31664               | 93159             
31670      | 31670               | 93160             
31675      | 31675               | 93161             
31676      | 31676               | 93162             
31677      | 31677               | 93163             
3168       | 3168                | 93164             
31680      | 31680               | 93165             
31681      | 31681               | 93166             
31683      | 31683               | 93167             
31684      | 31684               | 93168             
31685      | 31685               | 93169             
31687      | 31687               | 93170             
31692      | 31692               | 93171             
31700      | 31700               | 93172             
31705      | 31705               | 93173             
31710      | 31710               | 93174             
31713      | 31713               | 93175             
31715      | 31715               | 93176             
31720      | 31720               | 93177             
31722      | 31722               | 93178             
31723      | 31723               | 93179             
31734      | 31734               | 93180             
31737      | 31737               | 93181             
31738      | 31738               | 93182             
31740      | 31740               | 93183             
31745      | 31745               | 93184             
31746      | 31746               | 93185             
31750      | 31750               | 93186             
31753      | 31753               | 93187             
31754      | 31754               | 93188             
31757      | 31757               | 93189             
31760      | 31760               | 93190             
31763      | 31763               | 93191             
31766      | 31766               | 93192             
31767      | 31767               | 93193             
3177       | 3177                | 93194             
31772      | 31772               | 93195             
3178       | 3178                | 93196             
31781      | 31781               | 93197             
31783      | 31783               | 93198             
31784      | 31784               | 93199             
31785      | 31785               | 93200             
31791      | 31791               | 93201             
31793      | 31793               | 93202             
31795      | 31795               | 93203             
31800      | 31800               | 93204             
31804      | 31804               | 93205             
31808      | 31808               | 93206             
31809      | 31809               | 93207             
3181       | 3181                | 93208             
31816      | 31816               | 93209             
31817      | 31817               | 93210             
3182       | 3182                | 93211             
31823      | 31823               | 93212             
31824      | 31824               | 93213             
31825      | 31825               | 93214             
31826      | 31826               | 93215             
31835      | 31835               | 93216             
31836      | 31836               | 93217             
31840      | 31840               | 93218             
31846      | 31846               | 93219             
31857      | 31857               | 93220             
31858      | 31858               | 93221             
31872      | 31872               | 93222             
31878      | 31878               | 93223             
31880      | 31880               | 93224             
31882      | 31882               | 93225             
3189       | 3189                | 93226             
31891      | 31891               | 93227             
31892      | 31892               | 93228             
31893      | 31893               | 93229             
31914      | 31914               | 93230             
31922      | 31922               | 93231             
31930      | 31930               | 93232             
31932      | 31932               | 93233             
31936      | 31936               | 93234             
3194       | 3194                | 93235             
31942      | 31942               | 93236             
31943      | 31943               | 93237             
31944      | 31944               | 93238             
31950      | 31950               | 93239             
31955      | 31955               | 93240             
31956      | 31956               | 93241             
31959      | 31959               | 93242             
3196       | 3196                | 93243             
31971      | 31971               | 93244             
31978      | 31978               | 93245             
31980      | 31980               | 93246             
31987      | 31987               | 93247             
31989      | 31989               | 93248             
32         | 32                  | 93249             
3200       | 3200                | 93250             
32000      | 32000               | 93251             
32001      | 32001               | 93252             
32002      | 32002               | 93253             
32004      | 32004               | 93254             
32006      | 32006               | 93255             
32012      | 32012               | 93256             
32013      | 32013               | 93257             
32025      | 32025               | 93258             
32027      | 32027               | 93259             
32031      | 32031               | 93260             
32032      | 32032               | 93261             
32033      | 32033               | 93262             
32034      | 32034               | 93263             
32037      | 32037               | 93264             
32039      | 32039               | 93265             
32050      | 32050               | 93266             
32051      | 32051               | 93267             
32053      | 32053               | 93268             
32057      | 32057               | 93269             
3206       | 3206                | 93270             
32061      | 32061               | 93271             
32070      | 32070               | 93272             
32071      | 32071               | 93273             
32077      | 32077               | 93274             
32078      | 32078               | 93275             
32081      | 32081               | 93276             
32089      | 32089               | 93277             
32098      | 32098               | 93278             
321        | 321                 | 93279             
32100      | 32100               | 93280             
32105      | 32105               | 93281             
32108      | 32108               | 93282             
32110      | 32110               | 93283             
32118      | 32118               | 93284             
32129      | 32129               | 93285             
32137      | 32137               | 93286             
3214       | 3214                | 93287             
32142      | 32142               | 93288             
32144      | 32144               | 93289             
32154      | 32154               | 93290             
32155      | 32155               | 93291             
32157      | 32157               | 93292             
32159      | 32159               | 93293             
32161      | 32161               | 93294             
32165      | 32165               | 93295             
32166      | 32166               | 93296             
32169      | 32169               | 93297             
32172      | 32172               | 93298             
32174      | 32174               | 93299             
32175      | 32175               | 93300             
32176      | 32176               | 93301             
32189      | 32189               | 93302             
3219       | 3219                | 93303             
32197      | 32197               | 93304             
322        | 322                 | 93305             
32203      | 32203               | 93306             
32208      | 32208               | 93307             
32210      | 32210               | 93308             
32213      | 32213               | 93309             
32216      | 32216               | 93310             
3222       | 3222                | 93311             
32224      | 32224               | 93312             
32234      | 32234               | 93313             
32235      | 32235               | 93314             
32236      | 32236               | 93315             
32237      | 32237               | 93316             
32239      | 32239               | 93317             
32243      | 32243               | 93318             
32246      | 32246               | 93319             
32248      | 32248               | 93320             
32252      | 32252               | 93321             
32254      | 32254               | 93322             
32259      | 32259               | 93323             
32267      | 32267               | 93324             
32272      | 32272               | 93325             
32276      | 32276               | 93326             
32282      | 32282               | 93327             
32285      | 32285               | 93328             
3229       | 3229                | 93329             
32296      | 32296               | 93330             
32307      | 32307               | 93331             
32315      | 32315               | 93332             
32321      | 32321               | 93333             
32323      | 32323               | 93334             
32326      | 32326               | 93335             
32332      | 32332               | 93336             
32334      | 32334               | 93337             
32343      | 32343               | 93338             
32344      | 32344               | 93339             
32352      | 32352               | 93340             
32357      | 32357               | 93341             
32359      | 32359               | 93342             
32361      | 32361               | 93343             
32362      | 32362               | 93344             
32364      | 32364               | 93345             
32375      | 32375               | 93346             
32377      | 32377               | 93347             
32378      | 32378               | 93348             
32383      | 32383               | 93349             
32384      | 32384               | 93350             
32385      | 32385               | 93351             
32391      | 32391               | 93352             
32395      | 32395               | 93353             
324        | 324                 | 93354             
32404      | 32404               | 93355             
32406      | 32406               | 93356             
32407      | 32407               | 93357             
32413      | 32413               | 93358             
32418      | 32418               | 93359             
32420      | 32420               | 93360             
32421      | 32421               | 93361             
32429      | 32429               | 93362             
32430      | 32430               | 93363             
32437      | 32437               | 93364             
32439      | 32439               | 93365             
3244       | 3244                | 93366             
32444      | 32444               | 93367             
32445      | 32445               | 93368             
32446      | 32446               | 93369             
32447      | 32447               | 93370             
32449      | 32449               | 93371             
32453      | 32453               | 93372             
32454      | 32454               | 93373             
32456      | 32456               | 93374             
3246       | 3246                | 93375             
32461      | 32461               | 93376             
32463      | 32463               | 93377             
32465      | 32465               | 93378             
3247       | 3247                | 93379             
32481      | 32481               | 93380             
32485      | 32485               | 93381             
32487      | 32487               | 93382             
32500      | 32500               | 93383             
32501      | 32501               | 93384             
32502      | 32502               | 93385             
32504      | 32504               | 93386             
32509      | 32509               | 93387             
32519      | 32519               | 93388             
32525      | 32525               | 93389             
32526      | 32526               | 93390             
3253       | 3253                | 93391             
32530      | 32530               | 93392             
32535      | 32535               | 93393             
32536      | 32536               | 93394             
32539      | 32539               | 93395             
32540      | 32540               | 93396             
32543      | 32543               | 93397             
32544      | 32544               | 93398             
32547      | 32547               | 93399             
32549      | 32549               | 93400             
3255       | 3255                | 93401             
32553      | 32553               | 93402             
32555      | 32555               | 93403             
32556      | 32556               | 93404             
32558      | 32558               | 93405             
32561      | 32561               | 93406             
32562      | 32562               | 93407             
32563      | 32563               | 93408             
32566      | 32566               | 93409             
32567      | 32567               | 93410             
32569      | 32569               | 93411             
32570      | 32570               | 93412             
32571      | 32571               | 93413             
3258       | 3258                | 93414             
32580      | 32580               | 93415             
32584      | 32584               | 93416             
32586      | 32586               | 93417             
32587      | 32587               | 93418             
32589      | 32589               | 93419             
3259       | 3259                | 93420             
32591      | 32591               | 93421             
32594      | 32594               | 93422             
3260       | 3260                | 93423             
32606      | 32606               | 93424             
32609      | 32609               | 93425             
32611      | 32611               | 93426             
32613      | 32613               | 93427             
32616      | 32616               | 93428             
32625      | 32625               | 93429             
32628      | 32628               | 93430             
32631      | 32631               | 93431             
32633      | 32633               | 93432             
32641      | 32641               | 93433             
32647      | 32647               | 93434             
3265       | 3265                | 93435             
32653      | 32653               | 93436             
32656      | 32656               | 93437             
32659      | 32659               | 93438             
32660      | 32660               | 93439             
32662      | 32662               | 93440             
32669      | 32669               | 93441             
32671      | 32671               | 93442             
32679      | 32679               | 93443             
32680      | 32680               | 93444             
32682      | 32682               | 93445             
32687      | 32687               | 93446             
3269       | 3269                | 93447             
32691      | 32691               | 93448             
32692      | 32692               | 93449             
32694      | 32694               | 93450             
32704      | 32704               | 93451             
32706      | 32706               | 93452             
32715      | 32715               | 93453             
32717      | 32717               | 93454             
32722      | 32722               | 93455             
32723      | 32723               | 93456             
32726      | 32726               | 93457             
32728      | 32728               | 93458             
32732      | 32732               | 93459             
32733      | 32733               | 93460             
3274       | 3274                | 93461             
32742      | 32742               | 93462             
32748      | 32748               | 93463             
32751      | 32751               | 93464             
32758      | 32758               | 93465             
32766      | 32766               | 93466             
32772      | 32772               | 93467             
32773      | 32773               | 93468             
32778      | 32778               | 93469             
3279       | 3279                | 93470             
32795      | 32795               | 93471             
32796      | 32796               | 93472             
32798      | 32798               | 93473             
32799      | 32799               | 93474             
32803      | 32803               | 93475             
32805      | 32805               | 93476             
32818      | 32818               | 93477             
32820      | 32820               | 93478             
32824      | 32824               | 93479             
32825      | 32825               | 93480             
32826      | 32826               | 93481             
32827      | 32827               | 93482             
32829      | 32829               | 93483             
32836      | 32836               | 93484             
32847      | 32847               | 93485             
32851      | 32851               | 93486             
32852      | 32852               | 93487             
32854      | 32854               | 93488             
32862      | 32862               | 93489             
32866      | 32866               | 93490             
32867      | 32867               | 93491             
32870      | 32870               | 93492             
32873      | 32873               | 93493             
32876      | 32876               | 93494             
32878      | 32878               | 93495             
32880      | 32880               | 93496             
32886      | 32886               | 93497             
3289       | 3289                | 93498             
32894      | 32894               | 93499             
32900      | 32900               | 93500             
32904      | 32904               | 93501             
32914      | 32914               | 93502             
3292       | 3292                | 93503             
32924      | 32924               | 93504             
32925      | 32925               | 93505             
32932      | 32932               | 93506             
3294       | 3294                | 93507             
32940      | 32940               | 93508             
32943      | 32943               | 93509             
32951      | 32951               | 93510             
32952      | 32952               | 93511             
32953      | 32953               | 93512             
3297       | 3297                | 93513             
32972      | 32972               | 93514             
32973      | 32973               | 93515             
32979      | 32979               | 93516             
32981      | 32981               | 93517             
32987      | 32987               | 93518             
32994      | 32994               | 93519             
32995      | 32995               | 93520             
33         | 33                  | 93521             
3300       | 3300                | 93522             
33003      | 33003               | 93523             
33004      | 33004               | 93524             
33007      | 33007               | 93525             
33019      | 33019               | 93526             
33022      | 33022               | 93527             
33027      | 33027               | 93528             
33029      | 33029               | 93529             
3303       | 3303                | 93530             
33031      | 33031               | 93531             
33042      | 33042               | 93532             
33043      | 33043               | 93533             
33044      | 33044               | 93534             
33046      | 33046               | 93535             
33053      | 33053               | 93536             
33055      | 33055               | 93537             
33056      | 33056               | 93538             
33061      | 33061               | 93539             
33064      | 33064               | 93540             
33072      | 33072               | 93541             
33074      | 33074               | 93542             
33077      | 33077               | 93543             
3309       | 3309                | 93544             
33093      | 33093               | 93545             
33095      | 33095               | 93546             
33099      | 33099               | 93547             
331        | 331                 | 93548             
3310       | 3310                | 93549             
33102      | 33102               | 93550             
33106      | 33106               | 93551             
33108      | 33108               | 93552             
33110      | 33110               | 93553             
33117      | 33117               | 93554             
3312       | 3312                | 93555             
33127      | 33127               | 93556             
33131      | 33131               | 93557             
33137      | 33137               | 93558             
3314       | 3314                | 93559             
33140      | 33140               | 93560             
33141      | 33141               | 93561             
33143      | 33143               | 93562             
33151      | 33151               | 93563             
33154      | 33154               | 93564             
33157      | 33157               | 93565             
33158      | 33158               | 93566             
33160      | 33160               | 93567             
33161      | 33161               | 93568             
33164      | 33164               | 93569             
33179      | 33179               | 93570             
33180      | 33180               | 93571             
33186      | 33186               | 93572             
33187      | 33187               | 93573             
332        | 332                 | 93574             
33200      | 33200               | 93575             
33208      | 33208               | 93576             
33220      | 33220               | 93577             
33221      | 33221               | 93578             
33228      | 33228               | 93579             
33229      | 33229               | 93580             
33231      | 33231               | 93581             
33233      | 33233               | 93582             
33238      | 33238               | 93583             
33239      | 33239               | 93584             
33246      | 33246               | 93585             
33247      | 33247               | 93586             
33254      | 33254               | 93587             
33259      | 33259               | 93588             
33261      | 33261               | 93589             
3327       | 3327                | 93590             
33273      | 33273               | 93591             
33274      | 33274               | 93592             
33275      | 33275               | 93593             
33281      | 33281               | 93594             
33283      | 33283               | 93595             
3329       | 3329                | 93596             
33293      | 33293               | 93597             
33294      | 33294               | 93598             
33295      | 33295               | 93599             
3330       | 3330                | 93600             
33300      | 33300               | 93601             
33305      | 33305               | 93602             
33306      | 33306               | 93603             
33309      | 33309               | 93604             
3331       | 3331                | 93605             
33315      | 33315               | 93606             
33318      | 33318               | 93607             
33322      | 33322               | 93608             
33324      | 33324               | 93609             
33328      | 33328               | 93610             
33330      | 33330               | 93611             
33345      | 33345               | 93612             
33347      | 33347               | 93613             
33349      | 33349               | 93614             
33351      | 33351               | 93615             
33354      | 33354               | 93616             
33360      | 33360               | 93617             
33365      | 33365               | 93618             
33375      | 33375               | 93619             
33377      | 33377               | 93620             
33382      | 33382               | 93621             
33383      | 33383               | 93622             
33390      | 33390               | 93623             
33391      | 33391               | 93624             
33394      | 33394               | 93625             
33399      | 33399               | 93626             
3340       | 3340                | 93627             
33401      | 33401               | 93628             
3341       | 3341                | 93629             
33411      | 33411               | 93630             
33413      | 33413               | 93631             
33416      | 33416               | 93632             
33417      | 33417               | 93633             
33424      | 33424               | 93634             
33434      | 33434               | 93635             
33436      | 33436               | 93636             
33450      | 33450               | 93637             
33452      | 33452               | 93638             
33456      | 33456               | 93639             
33461      | 33461               | 93640             
33467      | 33467               | 93641             
33474      | 33474               | 93642             
33478      | 33478               | 93643             
33481      | 33481               | 93644             
33488      | 33488               | 93645             
33489      | 33489               | 93646             
33492      | 33492               | 93647             
33495      | 33495               | 93648             
33501      | 33501               | 93649             
33502      | 33502               | 93650             
33503      | 33503               | 93651             
33505      | 33505               | 93652             
3351       | 3351                | 93653             
33510      | 33510               | 93654             
33511      | 33511               | 93655             
33513      | 33513               | 93656             
33518      | 33518               | 93657             
3352       | 3352                | 93658             
33521      | 33521               | 93659             
33523      | 33523               | 93660             
33529      | 33529               | 93661             
33535      | 33535               | 93662             
33537      | 33537               | 93663             
33539      | 33539               | 93664             
3354       | 3354                | 93665             
33542      | 33542               | 93666             
33543      | 33543               | 93667             
33544      | 33544               | 93668             
33545      | 33545               | 93669             
33548      | 33548               | 93670             
33551      | 33551               | 93671             
3357       | 3357                | 93672             
33572      | 33572               | 93673             
33573      | 33573               | 93674             
33575      | 33575               | 93675             
33577      | 33577               | 93676             
33584      | 33584               | 93677             
33589      | 33589               | 93678             
33591      | 33591               | 93679             
33594      | 33594               | 93680             
33598      | 33598               | 93681             
336        | 336                 | 93682             
33601      | 33601               | 93683             
33609      | 33609               | 93684             
3362       | 3362                | 93685             
33623      | 33623               | 93686             
33633      | 33633               | 93687             
33639      | 33639               | 93688             
3364       | 3364                | 93689             
33640      | 33640               | 93690             
33643      | 33643               | 93691             
33644      | 33644               | 93692             
33646      | 33646               | 93693             
33647      | 33647               | 93694             
33656      | 33656               | 93695             
33659      | 33659               | 93696             
33662      | 33662               | 93697             
33663      | 33663               | 93698             
33674      | 33674               | 93699             
33676      | 33676               | 93700             
3368       | 3368                | 93701             
33683      | 33683               | 93702             
33692      | 33692               | 93703             
33693      | 33693               | 93704             
33694      | 33694               | 93705             
33696      | 33696               | 93706             
33698      | 33698               | 93707             
33701      | 33701               | 93708             
33706      | 33706               | 93709             
33712      | 33712               | 93710             
33716      | 33716               | 93711             
33718      | 33718               | 93712             
3372       | 3372                | 93713             
33720      | 33720               | 93714             
33722      | 33722               | 93715             
33723      | 33723               | 93716             
33728      | 33728               | 93717             
33732      | 33732               | 93718             
33738      | 33738               | 93719             
33739      | 33739               | 93720             
33742      | 33742               | 93721             
33743      | 33743               | 93722             
3375       | 3375                | 93723             
33752      | 33752               | 93724             
33756      | 33756               | 93725             
33757      | 33757               | 93726             
33758      | 33758               | 93727             
33761      | 33761               | 93728             
33762      | 33762               | 93729             
33768      | 33768               | 93730             
33769      | 33769               | 93731             
3377       | 3377                | 93732             
33771      | 33771               | 93733             
33772      | 33772               | 93734             
33778      | 33778               | 93735             
33779      | 33779               | 93736             
33785      | 33785               | 93737             
33805      | 33805               | 93738             
33807      | 33807               | 93739             
3381       | 3381                | 93740             
33820      | 33820               | 93741             
33822      | 33822               | 93742             
33827      | 33827               | 93743             
33828      | 33828               | 93744             
33829      | 33829               | 93745             
33831      | 33831               | 93746             
33834      | 33834               | 93747             
33835      | 33835               | 93748             
33852      | 33852               | 93749             
33864      | 33864               | 93750             
33867      | 33867               | 93751             
33868      | 33868               | 93752             
33876      | 33876               | 93753             
33877      | 33877               | 93754             
33880      | 33880               | 93755             
33881      | 33881               | 93756             
33884      | 33884               | 93757             
33888      | 33888               | 93758             
33891      | 33891               | 93759             
33894      | 33894               | 93760             
33898      | 33898               | 93761             
33901      | 33901               | 93762             
33902      | 33902               | 93763             
33905      | 33905               | 93764             
33906      | 33906               | 93765             
33908      | 33908               | 93766             
3391       | 3391                | 93767             
33912      | 33912               | 93768             
33915      | 33915               | 93769             
33920      | 33920               | 93770             
33927      | 33927               | 93771             
33928      | 33928               | 93772             
33931      | 33931               | 93773             
33933      | 33933               | 93774             
33934      | 33934               | 93775             
33937      | 33937               | 93776             
33938      | 33938               | 93777             
33939      | 33939               | 93778             
33940      | 33940               | 93779             
33942      | 33942               | 93780             
33943      | 33943               | 93781             
33945      | 33945               | 93782             
33948      | 33948               | 93783             
33950      | 33950               | 93784             
33954      | 33954               | 93785             
33956      | 33956               | 93786             
33957      | 33957               | 93787             
33958      | 33958               | 93788             
33960      | 33960               | 93789             
33964      | 33964               | 93790             
33967      | 33967               | 93791             
33969      | 33969               | 93792             
33971      | 33971               | 93793             
33973      | 33973               | 93794             
33975      | 33975               | 93795             
33978      | 33978               | 93796             
33982      | 33982               | 93797             
33983      | 33983               | 93798             
33984      | 33984               | 93799             
33989      | 33989               | 93800             
33993      | 33993               | 93801             
33995      | 33995               | 93802             
33996      | 33996               | 93803             
33997      | 33997               | 93804             
33998      | 33998               | 93805             
34         | 34                  | 93806             
34002      | 34002               | 93807             
34004      | 34004               | 93808             
34012      | 34012               | 93809             
34017      | 34017               | 93810             
3402       | 3402                | 93811             
34026      | 34026               | 93812             
34030      | 34030               | 93813             
34036      | 34036               | 93814             
34048      | 34048               | 93815             
34058      | 34058               | 93816             
34060      | 34060               | 93817             
34065      | 34065               | 93818             
34074      | 34074               | 93819             
34076      | 34076               | 93820             
3408       | 3408                | 93821             
34086      | 34086               | 93822             
34088      | 34088               | 93823             
34089      | 34089               | 93824             
3409       | 3409                | 93825             
34094      | 34094               | 93826             
34097      | 34097               | 93827             
3410       | 3410                | 93828             
34115      | 34115               | 93829             
34116      | 34116               | 93830             
34119      | 34119               | 93831             
34124      | 34124               | 93832             
34135      | 34135               | 93833             
34136      | 34136               | 93834             
34139      | 34139               | 93835             
34140      | 34140               | 93836             
34143      | 34143               | 93837             
34149      | 34149               | 93838             
34157      | 34157               | 93839             
34159      | 34159               | 93840             
34163      | 34163               | 93841             
34171      | 34171               | 93842             
34172      | 34172               | 93843             
34173      | 34173               | 93844             
34174      | 34174               | 93845             
34180      | 34180               | 93846             
34183      | 34183               | 93847             
34186      | 34186               | 93848             
34189      | 34189               | 93849             
3419       | 3419                | 93850             
34195      | 34195               | 93851             
34197      | 34197               | 93852             
34199      | 34199               | 93853             
34200      | 34200               | 93854             
34201      | 34201               | 93855             
34202      | 34202               | 93856             
34204      | 34204               | 93857             
34206      | 34206               | 93858             
34209      | 34209               | 93859             
34211      | 34211               | 93860             
34213      | 34213               | 93861             
34227      | 34227               | 93862             
3423       | 3423                | 93863             
34232      | 34232               | 93864             
34238      | 34238               | 93865             
34239      | 34239               | 93866             
34249      | 34249               | 93867             
34261      | 34261               | 93868             
34268      | 34268               | 93869             
34270      | 34270               | 93870             
34277      | 34277               | 93871             
34279      | 34279               | 93872             
34281      | 34281               | 93873             
34283      | 34283               | 93874             
34284      | 34284               | 93875             
34288      | 34288               | 93876             
34300      | 34300               | 93877             
34305      | 34305               | 93878             
34309      | 34309               | 93879             
34313      | 34313               | 93880             
34314      | 34314               | 93881             
34315      | 34315               | 93882             
34322      | 34322               | 93883             
34326      | 34326               | 93884             
34333      | 34333               | 93885             
34334      | 34334               | 93886             
34337      | 34337               | 93887             
34340      | 34340               | 93888             
34350      | 34350               | 93889             
34351      | 34351               | 93890             
34355      | 34355               | 93891             
34365      | 34365               | 93892             
34371      | 34371               | 93893             
34373      | 34373               | 93894             
34378      | 34378               | 93895             
34393      | 34393               | 93896             
34399      | 34399               | 93897             
3440       | 3440                | 93898             
34408      | 34408               | 93899             
3441       | 3441                | 93900             
3442       | 3442                | 93901             
34425      | 34425               | 93902             
34431      | 34431               | 93903             
34433      | 34433               | 93904             
34439      | 34439               | 93905             
34443      | 34443               | 93906             
34449      | 34449               | 93907             
3445       | 3445                | 93908             
34450      | 34450               | 93909             
34451      | 34451               | 93910             
34454      | 34454               | 93911             
34460      | 34460               | 93912             
34463      | 34463               | 93913             
34466      | 34466               | 93914             
34485      | 34485               | 93915             
34488      | 34488               | 93916             
34491      | 34491               | 93917             
34492      | 34492               | 93918             
345        | 345                 | 93919             
34500      | 34500               | 93920             
34502      | 34502               | 93921             
34503      | 34503               | 93922             
34507      | 34507               | 93923             
34516      | 34516               | 93924             
34518      | 34518               | 93925             
34520      | 34520               | 93926             
34525      | 34525               | 93927             
34526      | 34526               | 93928             
34527      | 34527               | 93929             
34529      | 34529               | 93930             
34530      | 34530               | 93931             
34535      | 34535               | 93932             
34536      | 34536               | 93933             
34539      | 34539               | 93934             
3454       | 3454                | 93935             
34540      | 34540               | 93936             
34544      | 34544               | 93937             
34545      | 34545               | 93938             
34552      | 34552               | 93939             
34554      | 34554               | 93940             
34556      | 34556               | 93941             
34559      | 34559               | 93942             
34560      | 34560               | 93943             
34562      | 34562               | 93944             
34571      | 34571               | 93945             
34573      | 34573               | 93946             
34574      | 34574               | 93947             
34578      | 34578               | 93948             
34580      | 34580               | 93949             
34584      | 34584               | 93950             
34595      | 34595               | 93951             
34596      | 34596               | 93952             
34597      | 34597               | 93953             
34604      | 34604               | 93954             
34608      | 34608               | 93955             
3461       | 3461                | 93956             
34610      | 34610               | 93957             
34612      | 34612               | 93958             
34614      | 34614               | 93959             
34615      | 34615               | 93960             
34617      | 34617               | 93961             
34621      | 34621               | 93962             
34626      | 34626               | 93963             
34629      | 34629               | 93964             
34633      | 34633               | 93965             
34643      | 34643               | 93966             
34644      | 34644               | 93967             
34646      | 34646               | 93968             
34649      | 34649               | 93969             
34654      | 34654               | 93970             
34661      | 34661               | 93971             
34663      | 34663               | 93972             
34665      | 34665               | 93973             
3467       | 3467                | 93974             
34673      | 34673               | 93975             
34676      | 34676               | 93976             
34678      | 34678               | 93977             
34679      | 34679               | 93978             
3468       | 3468                | 93979             
34683      | 34683               | 93980             
34686      | 34686               | 93981             
34687      | 34687               | 93982             
34689      | 34689               | 93983             
34691      | 34691               | 93984             
34693      | 34693               | 93985             
34698      | 34698               | 93986             
3470       | 3470                | 93987             
34702      | 34702               | 93988             
34705      | 34705               | 93989             
34719      | 34719               | 93990             
3472       | 3472                | 93991             
34721      | 34721               | 93992             
34724      | 34724               | 93993             
34734      | 34734               | 93994             
34735      | 34735               | 93995             
34736      | 34736               | 93996             
34749      | 34749               | 93997             
34751      | 34751               | 93998             
34753      | 34753               | 93999             
34755      | 34755               | 94000             
34762      | 34762               | 94001             
34767      | 34767               | 94002             
34769      | 34769               | 94003             
34782      | 34782               | 94004             
34789      | 34789               | 94005             
34790      | 34790               | 94006             
34792      | 34792               | 94007             
34797      | 34797               | 94008             
34827      | 34827               | 94009             
34830      | 34830               | 94010             
34831      | 34831               | 94011             
34839      | 34839               | 94012             
34840      | 34840               | 94013             
34850      | 34850               | 94014             
34852      | 34852               | 94015             
34867      | 34867               | 94016             
34869      | 34869               | 94017             
34870      | 34870               | 94018             
34871      | 34871               | 94019             
34876      | 34876               | 94020             
34878      | 34878               | 94021             
34882      | 34882               | 94022             
34888      | 34888               | 94023             
34890      | 34890               | 94024             
34892      | 34892               | 94025             
34893      | 34893               | 94026             
34898      | 34898               | 94027             
349        | 349                 | 94028             
3490       | 3490                | 94029             
34901      | 34901               | 94030             
34907      | 34907               | 94031             
34912      | 34912               | 94032             
34921      | 34921               | 94033             
34923      | 34923               | 94034             
34924      | 34924               | 94035             
34928      | 34928               | 94036             
34932      | 34932               | 94037             
34937      | 34937               | 94038             
3494       | 3494                | 94039             
34943      | 34943               | 94040             
34953      | 34953               | 94041             
34958      | 34958               | 94042             
34961      | 34961               | 94043             
34963      | 34963               | 94044             
3497       | 3497                | 94045             
34980      | 34980               | 94046             
34981      | 34981               | 94047             
34985      | 34985               | 94048             
34987      | 34987               | 94049             
34989      | 34989               | 94050             
350        | 350                 | 94051             
35000      | 35000               | 94052             
35005      | 35005               | 94053             
35014      | 35014               | 94054             
35022      | 35022               | 94055             
35037      | 35037               | 94056             
35038      | 35038               | 94057             
35042      | 35042               | 94058             
35046      | 35046               | 94059             
3505       | 3505                | 94060             
35052      | 35052               | 94061             
35056      | 35056               | 94062             
35061      | 35061               | 94063             
35064      | 35064               | 94064             
35066      | 35066               | 94065             
35069      | 35069               | 94066             
35073      | 35073               | 94067             
35074      | 35074               | 94068             
35077      | 35077               | 94069             
35080      | 35080               | 94070             
35083      | 35083               | 94071             
35085      | 35085               | 94072             
35102      | 35102               | 94073             
35106      | 35106               | 94074             
35108      | 35108               | 94075             
35109      | 35109               | 94076             
35110      | 35110               | 94077             
35112      | 35112               | 94078             
35114      | 35114               | 94079             
35118      | 35118               | 94080             
35125      | 35125               | 94081             
35129      | 35129               | 94082             
35131      | 35131               | 94083             
35133      | 35133               | 94084             
35136      | 35136               | 94085             
35141      | 35141               | 94086             
35143      | 35143               | 94087             
35145      | 35145               | 94088             
35146      | 35146               | 94089             
35165      | 35165               | 94090             
35168      | 35168               | 94091             
35172      | 35172               | 94092             
35176      | 35176               | 94093             
35180      | 35180               | 94094             
35183      | 35183               | 94095             
35188      | 35188               | 94096             
35193      | 35193               | 94097             
35194      | 35194               | 94098             
35198      | 35198               | 94099             
35204      | 35204               | 94100             
35206      | 35206               | 94101             
35212      | 35212               | 94102             
35215      | 35215               | 94103             
35218      | 35218               | 94104             
35221      | 35221               | 94105             
35226      | 35226               | 94106             
35227      | 35227               | 94107             
35228      | 35228               | 94108             
35229      | 35229               | 94109             
35232      | 35232               | 94110             
35234      | 35234               | 94111             
35236      | 35236               | 94112             
3524       | 3524                | 94113             
35243      | 35243               | 94114             
35244      | 35244               | 94115             
35247      | 35247               | 94116             
35255      | 35255               | 94117             
35257      | 35257               | 94118             
35263      | 35263               | 94119             
35273      | 35273               | 94120             
35275      | 35275               | 94121             
35280      | 35280               | 94122             
35284      | 35284               | 94123             
35287      | 35287               | 94124             
35290      | 35290               | 94125             
35291      | 35291               | 94126             
35299      | 35299               | 94127             
35302      | 35302               | 94128             
35303      | 35303               | 94129             
35306      | 35306               | 94130             
35309      | 35309               | 94131             
35312      | 35312               | 94132             
35313      | 35313               | 94133             
3532       | 3532                | 94134             
35320      | 35320               | 94135             
35324      | 35324               | 94136             
35325      | 35325               | 94137             
35326      | 35326               | 94138             
3533       | 3533                | 94139             
35332      | 35332               | 94140             
35336      | 35336               | 94141             
35340      | 35340               | 94142             
35343      | 35343               | 94143             
35353      | 35353               | 94144             
35355      | 35355               | 94145             
35359      | 35359               | 94146             
35375      | 35375               | 94147             
35379      | 35379               | 94148             
3538       | 3538                | 94149             
35399      | 35399               | 94150             
354        | 354                 | 94151             
3540       | 3540                | 94152             
35409      | 35409               | 94153             
3541       | 3541                | 94154             
35413      | 35413               | 94155             
35414      | 35414               | 94156             
35416      | 35416               | 94157             
35417      | 35417               | 94158             
35420      | 35420               | 94159             
35421      | 35421               | 94160             
35426      | 35426               | 94161             
35428      | 35428               | 94162             
35429      | 35429               | 94163             
35432      | 35432               | 94164             
35434      | 35434               | 94165             
35438      | 35438               | 94166             
35439      | 35439               | 94167             
35440      | 35440               | 94168             
35442      | 35442               | 94169             
35454      | 35454               | 94170             
35458      | 35458               | 94171             
35461      | 35461               | 94172             
35469      | 35469               | 94173             
3547       | 3547                | 94174             
35476      | 35476               | 94175             
35493      | 35493               | 94176             
35498      | 35498               | 94177             
35500      | 35500               | 94178             
35505      | 35505               | 94179             
35512      | 35512               | 94180             
35513      | 35513               | 94181             
35518      | 35518               | 94182             
35529      | 35529               | 94183             
35530      | 35530               | 94184             
35531      | 35531               | 94185             
35537      | 35537               | 94186             
35539      | 35539               | 94187             
35545      | 35545               | 94188             
35546      | 35546               | 94189             
35547      | 35547               | 94190             
35556      | 35556               | 94191             
3556       | 3556                | 94192             
35560      | 35560               | 94193             
35563      | 35563               | 94194             
35567      | 35567               | 94195             
3557       | 3557                | 94196             
35572      | 35572               | 94197             
35577      | 35577               | 94198             
35579      | 35579               | 94199             
35589      | 35589               | 94200             
35590      | 35590               | 94201             
35591      | 35591               | 94202             
35597      | 35597               | 94203             
35606      | 35606               | 94204             
35607      | 35607               | 94205             
35611      | 35611               | 94206             
35614      | 35614               | 94207             
35617      | 35617               | 94208             
35619      | 35619               | 94209             
35621      | 35621               | 94210             
35624      | 35624               | 94211             
35627      | 35627               | 94212             
35628      | 35628               | 94213             
35629      | 35629               | 94214             
35632      | 35632               | 94215             
35633      | 35633               | 94216             
35635      | 35635               | 94217             
35643      | 35643               | 94218             
35647      | 35647               | 94219             
3565       | 3565                | 94220             
35651      | 35651               | 94221             
35658      | 35658               | 94222             
35661      | 35661               | 94223             
35665      | 35665               | 94224             
35671      | 35671               | 94225             
35674      | 35674               | 94226             
35681      | 35681               | 94227             
35689      | 35689               | 94228             
3569       | 3569                | 94229             
35698      | 35698               | 94230             
35700      | 35700               | 94231             
35702      | 35702               | 94232             
35703      | 35703               | 94233             
35707      | 35707               | 94234             
35715      | 35715               | 94235             
35722      | 35722               | 94236             
3573       | 3573                | 94237             
35732      | 35732               | 94238             
35738      | 35738               | 94239             
35740      | 35740               | 94240             
35744      | 35744               | 94241             
35746      | 35746               | 94242             
35748      | 35748               | 94243             
35751      | 35751               | 94244             
35755      | 35755               | 94245             
35756      | 35756               | 94246             
35758      | 35758               | 94247             
3576       | 3576                | 94248             
35762      | 35762               | 94249             
35769      | 35769               | 94250             
3577       | 3577                | 94251             
35779      | 35779               | 94252             
35780      | 35780               | 94253             
35787      | 35787               | 94254             
35790      | 35790               | 94255             
35796      | 35796               | 94256             
35807      | 35807               | 94257             
3581       | 3581                | 94258             
35811      | 35811               | 94259             
35812      | 35812               | 94260             
35818      | 35818               | 94261             
35819      | 35819               | 94262             
35825      | 35825               | 94263             
3583       | 3583                | 94264             
35832      | 35832               | 94265             
35837      | 35837               | 94266             
35838      | 35838               | 94267             
35839      | 35839               | 94268             
35840      | 35840               | 94269             
35842      | 35842               | 94270             
35852      | 35852               | 94271             
35856      | 35856               | 94272             
35859      | 35859               | 94273             
35863      | 35863               | 94274             
35865      | 35865               | 94275             
35871      | 35871               | 94276             
35873      | 35873               | 94277             
3589       | 3589                | 94278             
35896      | 35896               | 94279             
35898      | 35898               | 94280             
35899      | 35899               | 94281             
3590       | 3590                | 94282             
35906      | 35906               | 94283             
35911      | 35911               | 94284             
35913      | 35913               | 94285             
35917      | 35917               | 94286             
35920      | 35920               | 94287             
35923      | 35923               | 94288             
35934      | 35934               | 94289             
35936      | 35936               | 94290             
35937      | 35937               | 94291             
35938      | 35938               | 94292             
35947      | 35947               | 94293             
35953      | 35953               | 94294             
35956      | 35956               | 94295             
35957      | 35957               | 94296             
35959      | 35959               | 94297             
35965      | 35965               | 94298             
35966      | 35966               | 94299             
35968      | 35968               | 94300             
35970      | 35970               | 94301             
35973      | 35973               | 94302             
3598       | 3598                | 94303             
35983      | 35983               | 94304             
35985      | 35985               | 94305             
35987      | 35987               | 94306             
35996      | 35996               | 94307             
35999      | 35999               | 94308             
36006      | 36006               | 94309             
36007      | 36007               | 94310             
36008      | 36008               | 94311             
36014      | 36014               | 94312             
36021      | 36021               | 94313             
36025      | 36025               | 94314             
36026      | 36026               | 94315             
36027      | 36027               | 94316             
36032      | 36032               | 94317             
36038      | 36038               | 94318             
36048      | 36048               | 94319             
36050      | 36050               | 94320             
36057      | 36057               | 94321             
36059      | 36059               | 94322             
3607       | 3607                | 94323             
36070      | 36070               | 94324             
36071      | 36071               | 94325             
36072      | 36072               | 94326             
36078      | 36078               | 94327             
36080      | 36080               | 94328             
36089      | 36089               | 94329             
3609       | 3609                | 94330             
36090      | 36090               | 94331             
36092      | 36092               | 94332             
36096      | 36096               | 94333             
36097      | 36097               | 94334             
36098      | 36098               | 94335             
3610       | 3610                | 94336             
36105      | 36105               | 94337             
36109      | 36109               | 94338             
36115      | 36115               | 94339             
36117      | 36117               | 94340             
36118      | 36118               | 94341             
36121      | 36121               | 94342             
36125      | 36125               | 94343             
36126      | 36126               | 94344             
36130      | 36130               | 94345             
36136      | 36136               | 94346             
36146      | 36146               | 94347             
36147      | 36147               | 94348             
36151      | 36151               | 94349             
36161      | 36161               | 94350             
36169      | 36169               | 94351             
36172      | 36172               | 94352             
36175      | 36175               | 94353             
36178      | 36178               | 94354             
36179      | 36179               | 94355             
36181      | 36181               | 94356             
36183      | 36183               | 94357             
36187      | 36187               | 94358             
36201      | 36201               | 94359             
36207      | 36207               | 94360             
36209      | 36209               | 94361             
36212      | 36212               | 94362             
36215      | 36215               | 94363             
36216      | 36216               | 94364             
36219      | 36219               | 94365             
36223      | 36223               | 94366             
36230      | 36230               | 94367             
3624       | 3624                | 94368             
36245      | 36245               | 94369             
36257      | 36257               | 94370             
36269      | 36269               | 94371             
36273      | 36273               | 94372             
36275      | 36275               | 94373             
36276      | 36276               | 94374             
36279      | 36279               | 94375             
36289      | 36289               | 94376             
3629       | 3629                | 94377             
36302      | 36302               | 94378             
36309      | 36309               | 94379             
36311      | 36311               | 94380             
36334      | 36334               | 94381             
36337      | 36337               | 94382             
3634       | 3634                | 94383             
36342      | 36342               | 94384             
36343      | 36343               | 94385             
36345      | 36345               | 94386             
36349      | 36349               | 94387             
36350      | 36350               | 94388             
36351      | 36351               | 94389             
36354      | 36354               | 94390             
36357      | 36357               | 94391             
36358      | 36358               | 94392             
3636       | 3636                | 94393             
36360      | 36360               | 94394             
36364      | 36364               | 94395             
36365      | 36365               | 94396             
36373      | 36373               | 94397             
36378      | 36378               | 94398             
36383      | 36383               | 94399             
36386      | 36386               | 94400             
36388      | 36388               | 94401             
36398      | 36398               | 94402             
36400      | 36400               | 94403             
36401      | 36401               | 94404             
36404      | 36404               | 94405             
36407      | 36407               | 94406             
36410      | 36410               | 94407             
36413      | 36413               | 94408             
36414      | 36414               | 94409             
36415      | 36415               | 94410             
36418      | 36418               | 94411             
36424      | 36424               | 94412             
36425      | 36425               | 94413             
36428      | 36428               | 94414             
3643       | 3643                | 94415             
36439      | 36439               | 94416             
3644       | 3644                | 94417             
36444      | 36444               | 94418             
36450      | 36450               | 94419             
36451      | 36451               | 94420             
36453      | 36453               | 94421             
36455      | 36455               | 94422             
36468      | 36468               | 94423             
3647       | 3647                | 94424             
36470      | 36470               | 94425             
36479      | 36479               | 94426             
36480      | 36480               | 94427             
36482      | 36482               | 94428             
36489      | 36489               | 94429             
36490      | 36490               | 94430             
36492      | 36492               | 94431             
36493      | 36493               | 94432             
36497      | 36497               | 94433             
36502      | 36502               | 94434             
36504      | 36504               | 94435             
36506      | 36506               | 94436             
36511      | 36511               | 94437             
36512      | 36512               | 94438             
36520      | 36520               | 94439             
36526      | 36526               | 94440             
36529      | 36529               | 94441             
36531      | 36531               | 94442             
36535      | 36535               | 94443             
36536      | 36536               | 94444             
36540      | 36540               | 94445             
36543      | 36543               | 94446             
36563      | 36563               | 94447             
36565      | 36565               | 94448             
36566      | 36566               | 94449             
36567      | 36567               | 94450             
36572      | 36572               | 94451             
36577      | 36577               | 94452             
36578      | 36578               | 94453             
36579      | 36579               | 94454             
3658       | 3658                | 94455             
36582      | 36582               | 94456             
36583      | 36583               | 94457             
36587      | 36587               | 94458             
36593      | 36593               | 94459             
36595      | 36595               | 94460             
36602      | 36602               | 94461             
36608      | 36608               | 94462             
3662       | 3662                | 94463             
36623      | 36623               | 94464             
36625      | 36625               | 94465             
36627      | 36627               | 94466             
36629      | 36629               | 94467             
3663       | 3663                | 94468             
36631      | 36631               | 94469             
36641      | 36641               | 94470             
36642      | 36642               | 94471             
36644      | 36644               | 94472             
36654      | 36654               | 94473             
36655      | 36655               | 94474             
36656      | 36656               | 94475             
3666       | 3666                | 94476             
36663      | 36663               | 94477             
36666      | 36666               | 94478             
3667       | 3667                | 94479             
36673      | 36673               | 94480             
36679      | 36679               | 94481             
36681      | 36681               | 94482             
36685      | 36685               | 94483             
36686      | 36686               | 94484             
36697      | 36697               | 94485             
36698      | 36698               | 94486             
367        | 367                 | 94487             
36702      | 36702               | 94488             
36705      | 36705               | 94489             
36707      | 36707               | 94490             
36717      | 36717               | 94491             
36724      | 36724               | 94492             
36730      | 36730               | 94493             
36734      | 36734               | 94494             
36735      | 36735               | 94495             
36745      | 36745               | 94496             
36746      | 36746               | 94497             
36747      | 36747               | 94498             
36752      | 36752               | 94499             
36756      | 36756               | 94500             
3676       | 3676                | 94501             
36760      | 36760               | 94502             
36761      | 36761               | 94503             
36769      | 36769               | 94504             
3677       | 3677                | 94505             
36773      | 36773               | 94506             
36774      | 36774               | 94507             
36779      | 36779               | 94508             
36793      | 36793               | 94509             
36795      | 36795               | 94510             
36799      | 36799               | 94511             
3680       | 3680                | 94512             
36800      | 36800               | 94513             
36816      | 36816               | 94514             
36817      | 36817               | 94515             
36820      | 36820               | 94516             
36821      | 36821               | 94517             
36824      | 36824               | 94518             
36832      | 36832               | 94519             
36841      | 36841               | 94520             
36845      | 36845               | 94521             
36850      | 36850               | 94522             
36854      | 36854               | 94523             
36856      | 36856               | 94524             
36860      | 36860               | 94525             
36861      | 36861               | 94526             
36862      | 36862               | 94527             
36870      | 36870               | 94528             
36876      | 36876               | 94529             
36879      | 36879               | 94530             
3688       | 3688                | 94531             
36880      | 36880               | 94532             
36883      | 36883               | 94533             
36885      | 36885               | 94534             
36895      | 36895               | 94535             
36899      | 36899               | 94536             
36907      | 36907               | 94537             
36908      | 36908               | 94538             
36915      | 36915               | 94539             
36916      | 36916               | 94540             
36917      | 36917               | 94541             
36919      | 36919               | 94542             
3692       | 3692                | 94543             
36921      | 36921               | 94544             
36928      | 36928               | 94545             
36932      | 36932               | 94546             
36934      | 36934               | 94547             
36937      | 36937               | 94548             
36943      | 36943               | 94549             
36946      | 36946               | 94550             
36947      | 36947               | 94551             
36948      | 36948               | 94552             
36953      | 36953               | 94553             
36954      | 36954               | 94554             
36956      | 36956               | 94555             
36958      | 36958               | 94556             
36959      | 36959               | 94557             
3696       | 3696                | 94558             
36960      | 36960               | 94559             
36961      | 36961               | 94560             
36968      | 36968               | 94561             
3697       | 3697                | 94562             
36973      | 36973               | 94563             
36976      | 36976               | 94564             
36981      | 36981               | 94565             
36983      | 36983               | 94566             
36988      | 36988               | 94567             
3699       | 3699                | 94568             
37001      | 37001               | 94569             
37002      | 37002               | 94570             
37004      | 37004               | 94571             
37005      | 37005               | 94572             
3701       | 3701                | 94573             
37012      | 37012               | 94574             
37019      | 37019               | 94575             
37021      | 37021               | 94576             
37029      | 37029               | 94577             
37034      | 37034               | 94578             
37036      | 37036               | 94579             
37042      | 37042               | 94580             
37044      | 37044               | 94581             
37045      | 37045               | 94582             
37049      | 37049               | 94583             
37056      | 37056               | 94584             
37068      | 37068               | 94585             
37069      | 37069               | 94586             
37073      | 37073               | 94587             
37075      | 37075               | 94588             
3709       | 3709                | 94589             
37093      | 37093               | 94590             
37094      | 37094               | 94591             
37095      | 37095               | 94592             
37098      | 37098               | 94593             
37099      | 37099               | 94594             
37105      | 37105               | 94595             
37107      | 37107               | 94596             
37109      | 37109               | 94597             
3711       | 3711                | 94598             
37113      | 37113               | 94599             
37115      | 37115               | 94600             
37123      | 37123               | 94601             
37124      | 37124               | 94602             
37126      | 37126               | 94603             
37127      | 37127               | 94604             
37128      | 37128               | 94605             
37131      | 37131               | 94606             
37133      | 37133               | 94607             
37135      | 37135               | 94608             
37136      | 37136               | 94609             
37139      | 37139               | 94610             
37143      | 37143               | 94611             
37146      | 37146               | 94612             
37147      | 37147               | 94613             
37148      | 37148               | 94614             
3715       | 3715                | 94615             
37150      | 37150               | 94616             
37158      | 37158               | 94617             
37160      | 37160               | 94618             
37166      | 37166               | 94619             
37182      | 37182               | 94620             
37185      | 37185               | 94621             
37191      | 37191               | 94622             
37193      | 37193               | 94623             
37195      | 37195               | 94624             
37201      | 37201               | 94625             
37202      | 37202               | 94626             
37205      | 37205               | 94627             
3721       | 3721                | 94628             
37212      | 37212               | 94629             
37215      | 37215               | 94630             
37217      | 37217               | 94631             
37218      | 37218               | 94632             
37229      | 37229               | 94633             
37230      | 37230               | 94634             
37234      | 37234               | 94635             
37241      | 37241               | 94636             
37243      | 37243               | 94637             
37253      | 37253               | 94638             
37256      | 37256               | 94639             
37258      | 37258               | 94640             
3726       | 3726                | 94641             
37260      | 37260               | 94642             
37261      | 37261               | 94643             
37262      | 37262               | 94644             
37264      | 37264               | 94645             
37267      | 37267               | 94646             
37268      | 37268               | 94647             
37270      | 37270               | 94648             
37274      | 37274               | 94649             
37280      | 37280               | 94650             
37284      | 37284               | 94651             
37287      | 37287               | 94652             
37288      | 37288               | 94653             
37292      | 37292               | 94654             
37296      | 37296               | 94655             
37299      | 37299               | 94656             
37300      | 37300               | 94657             
37301      | 37301               | 94658             
37304      | 37304               | 94659             
37305      | 37305               | 94660             
37310      | 37310               | 94661             
37311      | 37311               | 94662             
37317      | 37317               | 94663             
3732       | 3732                | 94664             
37321      | 37321               | 94665             
37324      | 37324               | 94666             
37328      | 37328               | 94667             
37332      | 37332               | 94668             
37333      | 37333               | 94669             
37334      | 37334               | 94670             
37336      | 37336               | 94671             
37339      | 37339               | 94672             
3734       | 3734                | 94673             
37340      | 37340               | 94674             
37342      | 37342               | 94675             
37343      | 37343               | 94676             
37345      | 37345               | 94677             
37347      | 37347               | 94678             
37348      | 37348               | 94679             
37349      | 37349               | 94680             
37356      | 37356               | 94681             
37365      | 37365               | 94682             
37368      | 37368               | 94683             
37370      | 37370               | 94684             
37374      | 37374               | 94685             
37380      | 37380               | 94686             
37382      | 37382               | 94687             
37384      | 37384               | 94688             
37386      | 37386               | 94689             
37402      | 37402               | 94690             
37404      | 37404               | 94691             
37406      | 37406               | 94692             
37408      | 37408               | 94693             
37411      | 37411               | 94694             
37413      | 37413               | 94695             
37418      | 37418               | 94696             
37423      | 37423               | 94697             
37431      | 37431               | 94698             
37435      | 37435               | 94699             
37437      | 37437               | 94700             
37439      | 37439               | 94701             
37440      | 37440               | 94702             
37441      | 37441               | 94703             
37443      | 37443               | 94704             
37449      | 37449               | 94705             
37459      | 37459               | 94706             
37462      | 37462               | 94707             
37466      | 37466               | 94708             
37467      | 37467               | 94709             
37468      | 37468               | 94710             
37473      | 37473               | 94711             
37474      | 37474               | 94712             
37476      | 37476               | 94713             
37479      | 37479               | 94714             
37484      | 37484               | 94715             
37489      | 37489               | 94716             
37495      | 37495               | 94717             
37496      | 37496               | 94718             
37498      | 37498               | 94719             
375        | 375                 | 94720             
37505      | 37505               | 94721             
37506      | 37506               | 94722             
37507      | 37507               | 94723             
37508      | 37508               | 94724             
37511      | 37511               | 94725             
37513      | 37513               | 94726             
37522      | 37522               | 94727             
37530      | 37530               | 94728             
37531      | 37531               | 94729             
37532      | 37532               | 94730             
37542      | 37542               | 94731             
37543      | 37543               | 94732             
37544      | 37544               | 94733             
37545      | 37545               | 94734             
37549      | 37549               | 94735             
37554      | 37554               | 94736             
37558      | 37558               | 94737             
37560      | 37560               | 94738             
37561      | 37561               | 94739             
37565      | 37565               | 94740             
37567      | 37567               | 94741             
37568      | 37568               | 94742             
37573      | 37573               | 94743             
37575      | 37575               | 94744             
37577      | 37577               | 94745             
37581      | 37581               | 94746             
37586      | 37586               | 94747             
37592      | 37592               | 94748             
37594      | 37594               | 94749             
37595      | 37595               | 94750             
37602      | 37602               | 94751             
37604      | 37604               | 94752             
37606      | 37606               | 94753             
37613      | 37613               | 94754             
37618      | 37618               | 94755             
37620      | 37620               | 94756             
37621      | 37621               | 94757             
37623      | 37623               | 94758             
37630      | 37630               | 94759             
37635      | 37635               | 94760             
37638      | 37638               | 94761             
37640      | 37640               | 94762             
37644      | 37644               | 94763             
37645      | 37645               | 94764             
3765       | 3765                | 94765             
37654      | 37654               | 94766             
37656      | 37656               | 94767             
37658      | 37658               | 94768             
37659      | 37659               | 94769             
37663      | 37663               | 94770             
37666      | 37666               | 94771             
3767       | 3767                | 94772             
37677      | 37677               | 94773             
37681      | 37681               | 94774             
37682      | 37682               | 94775             
37685      | 37685               | 94776             
37686      | 37686               | 94777             
37689      | 37689               | 94778             
37690      | 37690               | 94779             
37691      | 37691               | 94780             
37695      | 37695               | 94781             
37696      | 37696               | 94782             
37697      | 37697               | 94783             
3770       | 3770                | 94784             
37704      | 37704               | 94785             
37708      | 37708               | 94786             
37715      | 37715               | 94787             
37723      | 37723               | 94788             
37727      | 37727               | 94789             
37734      | 37734               | 94790             
37735      | 37735               | 94791             
3774       | 3774                | 94792             
37741      | 37741               | 94793             
37745      | 37745               | 94794             
37746      | 37746               | 94795             
37747      | 37747               | 94796             
3775       | 3775                | 94797             
37751      | 37751               | 94798             
37754      | 37754               | 94799             
3776       | 3776                | 94800             
37761      | 37761               | 94801             
37765      | 37765               | 94802             
37767      | 37767               | 94803             
3777       | 3777                | 94804             
37771      | 37771               | 94805             
37774      | 37774               | 94806             
37777      | 37777               | 94807             
37779      | 37779               | 94808             
3778       | 3778                | 94809             
37784      | 37784               | 94810             
37787      | 37787               | 94811             
37789      | 37789               | 94812             
37792      | 37792               | 94813             
37794      | 37794               | 94814             
37795      | 37795               | 94815             
37796      | 37796               | 94816             
37797      | 37797               | 94817             
3780       | 3780                | 94818             
37803      | 37803               | 94819             
37808      | 37808               | 94820             
37811      | 37811               | 94821             
37815      | 37815               | 94822             
37818      | 37818               | 94823             
37822      | 37822               | 94824             
37826      | 37826               | 94825             
37827      | 37827               | 94826             
37830      | 37830               | 94827             
37831      | 37831               | 94828             
37838      | 37838               | 94829             
37851      | 37851               | 94830             
37854      | 37854               | 94831             
37862      | 37862               | 94832             
37873      | 37873               | 94833             
37875      | 37875               | 94834             
37877      | 37877               | 94835             
37882      | 37882               | 94836             
37883      | 37883               | 94837             
37898      | 37898               | 94838             
37902      | 37902               | 94839             
37904      | 37904               | 94840             
3791       | 3791                | 94841             
37914      | 37914               | 94842             
37915      | 37915               | 94843             
37916      | 37916               | 94844             
37917      | 37917               | 94845             
37932      | 37932               | 94846             
37939      | 37939               | 94847             
3794       | 3794                | 94848             
37941      | 37941               | 94849             
37942      | 37942               | 94850             
37947      | 37947               | 94851             
3795       | 3795                | 94852             
37951      | 37951               | 94853             
37956      | 37956               | 94854             
37961      | 37961               | 94855             
37968      | 37968               | 94856             
3797       | 3797                | 94857             
37974      | 37974               | 94858             
37975      | 37975               | 94859             
37978      | 37978               | 94860             
3798       | 3798                | 94861             
37985      | 37985               | 94862             
37990      | 37990               | 94863             
37999      | 37999               | 94864             
38003      | 38003               | 94865             
38004      | 38004               | 94866             
38006      | 38006               | 94867             
38012      | 38012               | 94868             
38017      | 38017               | 94869             
38020      | 38020               | 94870             
38021      | 38021               | 94871             
38022      | 38022               | 94872             
38025      | 38025               | 94873             
38026      | 38026               | 94874             
38033      | 38033               | 94875             
38038      | 38038               | 94876             
38040      | 38040               | 94877             
38041      | 38041               | 94878             
38046      | 38046               | 94879             
38047      | 38047               | 94880             
38048      | 38048               | 94881             
38063      | 38063               | 94882             
38067      | 38067               | 94883             
38073      | 38073               | 94884             
38075      | 38075               | 94885             
38079      | 38079               | 94886             
38080      | 38080               | 94887             
38082      | 38082               | 94888             
38088      | 38088               | 94889             
38092      | 38092               | 94890             
38094      | 38094               | 94891             
38096      | 38096               | 94892             
38099      | 38099               | 94893             
38101      | 38101               | 94894             
38108      | 38108               | 94895             
38110      | 38110               | 94896             
38114      | 38114               | 94897             
38125      | 38125               | 94898             
38126      | 38126               | 94899             
38129      | 38129               | 94900             
38130      | 38130               | 94901             
38132      | 38132               | 94902             
38139      | 38139               | 94903             
38141      | 38141               | 94904             
38147      | 38147               | 94905             
38155      | 38155               | 94906             
38162      | 38162               | 94907             
38170      | 38170               | 94908             
38176      | 38176               | 94909             
3819       | 3819                | 94910             
38197      | 38197               | 94911             
38210      | 38210               | 94912             
38215      | 38215               | 94913             
38219      | 38219               | 94914             
38229      | 38229               | 94915             
38231      | 38231               | 94916             
38235      | 38235               | 94917             
3824       | 3824                | 94918             
38248      | 38248               | 94919             
38250      | 38250               | 94920             
38252      | 38252               | 94921             
38255      | 38255               | 94922             
38258      | 38258               | 94923             
38260      | 38260               | 94924             
38261      | 38261               | 94925             
38265      | 38265               | 94926             
38270      | 38270               | 94927             
38278      | 38278               | 94928             
38279      | 38279               | 94929             
38281      | 38281               | 94930             
38283      | 38283               | 94931             
38289      | 38289               | 94932             
3830       | 3830                | 94933             
38301      | 38301               | 94934             
38304      | 38304               | 94935             
38310      | 38310               | 94936             
38311      | 38311               | 94937             
3832       | 3832                | 94938             
38321      | 38321               | 94939             
38324      | 38324               | 94940             
38331      | 38331               | 94941             
38332      | 38332               | 94942             
38333      | 38333               | 94943             
38346      | 38346               | 94944             
38349      | 38349               | 94945             
38350      | 38350               | 94946             
38355      | 38355               | 94947             
38356      | 38356               | 94948             
38357      | 38357               | 94949             
3836       | 3836                | 94950             
38361      | 38361               | 94951             
38362      | 38362               | 94952             
38363      | 38363               | 94953             
38366      | 38366               | 94954             
38371      | 38371               | 94955             
38376      | 38376               | 94956             
38381      | 38381               | 94957             
38394      | 38394               | 94958             
384        | 384                 | 94959             
3840       | 3840                | 94960             
38406      | 38406               | 94961             
3841       | 3841                | 94962             
38413      | 38413               | 94963             
38415      | 38415               | 94964             
38416      | 38416               | 94965             
38418      | 38418               | 94966             
38419      | 38419               | 94967             
38424      | 38424               | 94968             
38425      | 38425               | 94969             
38426      | 38426               | 94970             
38428      | 38428               | 94971             
38429      | 38429               | 94972             
38438      | 38438               | 94973             
38445      | 38445               | 94974             
38446      | 38446               | 94975             
38449      | 38449               | 94976             
3845       | 3845                | 94977             
38452      | 38452               | 94978             
38454      | 38454               | 94979             
38457      | 38457               | 94980             
3846       | 3846                | 94981             
38460      | 38460               | 94982             
38464      | 38464               | 94983             
38466      | 38466               | 94984             
38468      | 38468               | 94985             
38469      | 38469               | 94986             
38477      | 38477               | 94987             
38478      | 38478               | 94988             
38480      | 38480               | 94989             
38481      | 38481               | 94990             
38483      | 38483               | 94991             
3849       | 3849                | 94992             
38490      | 38490               | 94993             
38494      | 38494               | 94994             
38498      | 38498               | 94995             
38499      | 38499               | 94996             
3850       | 3850                | 94997             
38500      | 38500               | 94998             
38501      | 38501               | 94999             
38504      | 38504               | 95000             
38507      | 38507               | 95001             
38509      | 38509               | 95002             
38513      | 38513               | 95003             
38515      | 38515               | 95004             
38516      | 38516               | 95005             
38519      | 38519               | 95006             
3852       | 3852                | 95007             
3853       | 3853                | 95008             
38533      | 38533               | 95009             
38535      | 38535               | 95010             
38540      | 38540               | 95011             
38543      | 38543               | 95012             
38545      | 38545               | 95013             
38546      | 38546               | 95014             
38553      | 38553               | 95015             
38561      | 38561               | 95016             
38565      | 38565               | 95017             
38571      | 38571               | 95018             
38572      | 38572               | 95019             
38574      | 38574               | 95020             
38575      | 38575               | 95021             
38583      | 38583               | 95022             
38584      | 38584               | 95023             
38587      | 38587               | 95024             
38589      | 38589               | 95025             
38591      | 38591               | 95026             
38594      | 38594               | 95027             
38595      | 38595               | 95028             
38600      | 38600               | 95029             
38606      | 38606               | 95030             
38614      | 38614               | 95031             
38617      | 38617               | 95032             
3862       | 3862                | 95033             
38628      | 38628               | 95034             
38630      | 38630               | 95035             
38633      | 38633               | 95036             
38636      | 38636               | 95037             
38639      | 38639               | 95038             
3864       | 3864                | 95039             
38645      | 38645               | 95040             
3865       | 3865                | 95041             
38654      | 38654               | 95042             
3866       | 3866                | 95043             
38666      | 38666               | 95044             
38668      | 38668               | 95045             
38674      | 38674               | 95046             
38695      | 38695               | 95047             
38696      | 38696               | 95048             
38697      | 38697               | 95049             
38699      | 38699               | 95050             
38700      | 38700               | 95051             
38702      | 38702               | 95052             
38704      | 38704               | 95053             
38707      | 38707               | 95054             
38708      | 38708               | 95055             
38712      | 38712               | 95056             
38719      | 38719               | 95057             
3872       | 3872                | 95058             
38727      | 38727               | 95059             
38731      | 38731               | 95060             
38742      | 38742               | 95061             
38746      | 38746               | 95062             
38747      | 38747               | 95063             
38755      | 38755               | 95064             
38758      | 38758               | 95065             
3876       | 3876                | 95066             
38765      | 38765               | 95067             
38772      | 38772               | 95068             
38775      | 38775               | 95069             
38779      | 38779               | 95070             
38786      | 38786               | 95071             
3879       | 3879                | 95072             
38792      | 38792               | 95073             
38793      | 38793               | 95074             
38795      | 38795               | 95075             
3880       | 3880                | 95076             
38800      | 38800               | 95077             
38810      | 38810               | 95078             
38812      | 38812               | 95079             
38815      | 38815               | 95080             
38819      | 38819               | 95081             
3882       | 3882                | 95082             
38821      | 38821               | 95083             
38822      | 38822               | 95084             
38823      | 38823               | 95085             
38824      | 38824               | 95086             
38829      | 38829               | 95087             
3883       | 3883                | 95088             
38835      | 38835               | 95089             
38837      | 38837               | 95090             
38839      | 38839               | 95091             
3884       | 3884                | 95092             
38841      | 38841               | 95093             
38846      | 38846               | 95094             
38853      | 38853               | 95095             
38854      | 38854               | 95096             
38855      | 38855               | 95097             
38859      | 38859               | 95098             
38864      | 38864               | 95099             
38867      | 38867               | 95100             
38868      | 38868               | 95101             
38870      | 38870               | 95102             
38874      | 38874               | 95103             
38875      | 38875               | 95104             
38879      | 38879               | 95105             
38880      | 38880               | 95106             
38884      | 38884               | 95107             
38893      | 38893               | 95108             
38894      | 38894               | 95109             
389        | 389                 | 95110             
38900      | 38900               | 95111             
38901      | 38901               | 95112             
38904      | 38904               | 95113             
38909      | 38909               | 95114             
3891       | 3891                | 95115             
38910      | 38910               | 95116             
38912      | 38912               | 95117             
38921      | 38921               | 95118             
38926      | 38926               | 95119             
38928      | 38928               | 95120             
38930      | 38930               | 95121             
38937      | 38937               | 95122             
38940      | 38940               | 95123             
38948      | 38948               | 95124             
38953      | 38953               | 95125             
38955      | 38955               | 95126             
38958      | 38958               | 95127             
3896       | 3896                | 95128             
38960      | 38960               | 95129             
38964      | 38964               | 95130             
38967      | 38967               | 95131             
38968      | 38968               | 95132             
38972      | 38972               | 95133             
38973      | 38973               | 95134             
38976      | 38976               | 95135             
38978      | 38978               | 95136             
38987      | 38987               | 95137             
38996      | 38996               | 95138             
38998      | 38998               | 95139             
39005      | 39005               | 95140             
39007      | 39007               | 95141             
39009      | 39009               | 95142             
39013      | 39013               | 95143             
39015      | 39015               | 95144             
39018      | 39018               | 95145             
39023      | 39023               | 95146             
39027      | 39027               | 95147             
39034      | 39034               | 95148             
39039      | 39039               | 95149             
3904       | 3904                | 95150             
39047      | 39047               | 95151             
3905       | 3905                | 95152             
39051      | 39051               | 95153             
39059      | 39059               | 95154             
39062      | 39062               | 95155             
39064      | 39064               | 95156             
39068      | 39068               | 95157             
39076      | 39076               | 95158             
39078      | 39078               | 95159             
39079      | 39079               | 95160             
39080      | 39080               | 95161             
39086      | 39086               | 95162             
39097      | 39097               | 95163             
391        | 391                 | 95164             
39113      | 39113               | 95165             
39116      | 39116               | 95166             
39120      | 39120               | 95167             
39122      | 39122               | 95168             
39123      | 39123               | 95169             
3913       | 3913                | 95170             
39130      | 39130               | 95171             
39139      | 39139               | 95172             
39149      | 39149               | 95173             
39152      | 39152               | 95174             
39156      | 39156               | 95175             
39157      | 39157               | 95176             
39161      | 39161               | 95177             
39163      | 39163               | 95178             
39164      | 39164               | 95179             
39166      | 39166               | 95180             
39173      | 39173               | 95181             
39180      | 39180               | 95182             
39182      | 39182               | 95183             
39187      | 39187               | 95184             
39189      | 39189               | 95185             
39193      | 39193               | 95186             
39195      | 39195               | 95187             
39197      | 39197               | 95188             
39208      | 39208               | 95189             
39209      | 39209               | 95190             
39213      | 39213               | 95191             
39216      | 39216               | 95192             
39222      | 39222               | 95193             
39223      | 39223               | 95194             
39224      | 39224               | 95195             
39227      | 39227               | 95196             
3923       | 3923                | 95197             
39234      | 39234               | 95198             
39237      | 39237               | 95199             
39241      | 39241               | 95200             
39242      | 39242               | 95201             
39246      | 39246               | 95202             
39251      | 39251               | 95203             
39261      | 39261               | 95204             
39262      | 39262               | 95205             
39263      | 39263               | 95206             
39265      | 39265               | 95207             
39276      | 39276               | 95208             
39281      | 39281               | 95209             
39284      | 39284               | 95210             
39288      | 39288               | 95211             
39296      | 39296               | 95212             
393        | 393                 | 95213             
39308      | 39308               | 95214             
3931       | 3931                | 95215             
39313      | 39313               | 95216             
39316      | 39316               | 95217             
39318      | 39318               | 95218             
39319      | 39319               | 95219             
3932       | 3932                | 95220             
39320      | 39320               | 95221             
3933       | 3933                | 95222             
39331      | 39331               | 95223             
39332      | 39332               | 95224             
39336      | 39336               | 95225             
39337      | 39337               | 95226             
3934       | 3934                | 95227             
39343      | 39343               | 95228             
39354      | 39354               | 95229             
39361      | 39361               | 95230             
39366      | 39366               | 95231             
39371      | 39371               | 95232             
39378      | 39378               | 95233             
39381      | 39381               | 95234             
3939       | 3939                | 95235             
39398      | 39398               | 95236             
3940       | 3940                | 95237             
39400      | 39400               | 95238             
39406      | 39406               | 95239             
39408      | 39408               | 95240             
39409      | 39409               | 95241             
39412      | 39412               | 95242             
39414      | 39414               | 95243             
39422      | 39422               | 95244             
39423      | 39423               | 95245             
3943       | 3943                | 95246             
39436      | 39436               | 95247             
39440      | 39440               | 95248             
39442      | 39442               | 95249             
39443      | 39443               | 95250             
39447      | 39447               | 95251             
39448      | 39448               | 95252             
39449      | 39449               | 95253             
39452      | 39452               | 95254             
39453      | 39453               | 95255             
39454      | 39454               | 95256             
39457      | 39457               | 95257             
3946       | 3946                | 95258             
39461      | 39461               | 95259             
39470      | 39470               | 95260             
39471      | 39471               | 95261             
39478      | 39478               | 95262             
39484      | 39484               | 95263             
39486      | 39486               | 95264             
39488      | 39488               | 95265             
3949       | 3949                | 95266             
39490      | 39490               | 95267             
39492      | 39492               | 95268             
39493      | 39493               | 95269             
39497      | 39497               | 95270             
39501      | 39501               | 95271             
39502      | 39502               | 95272             
39503      | 39503               | 95273             
39504      | 39504               | 95274             
39505      | 39505               | 95275             
39508      | 39508               | 95276             
39509      | 39509               | 95277             
39510      | 39510               | 95278             
39515      | 39515               | 95279             
39516      | 39516               | 95280             
39519      | 39519               | 95281             
39520      | 39520               | 95282             
39524      | 39524               | 95283             
39528      | 39528               | 95284             
3953       | 3953                | 95285             
39532      | 39532               | 95286             
39541      | 39541               | 95287             
39544      | 39544               | 95288             
39549      | 39549               | 95289             
39552      | 39552               | 95290             
39560      | 39560               | 95291             
39562      | 39562               | 95292             
39568      | 39568               | 95293             
39572      | 39572               | 95294             
39575      | 39575               | 95295             
3958       | 3958                | 95296             
39581      | 39581               | 95297             
39582      | 39582               | 95298             
39585      | 39585               | 95299             
39587      | 39587               | 95300             
39593      | 39593               | 95301             
39598      | 39598               | 95302             
39599      | 39599               | 95303             
396        | 396                 | 95304             
39601      | 39601               | 95305             
39602      | 39602               | 95306             
39611      | 39611               | 95307             
39613      | 39613               | 95308             
39617      | 39617               | 95309             
39620      | 39620               | 95310             
39623      | 39623               | 95311             
39627      | 39627               | 95312             
39628      | 39628               | 95313             
39631      | 39631               | 95314             
39633      | 39633               | 95315             
39640      | 39640               | 95316             
39642      | 39642               | 95317             
39644      | 39644               | 95318             
39646      | 39646               | 95319             
39648      | 39648               | 95320             
3965       | 3965                | 95321             
39658      | 39658               | 95322             
39671      | 39671               | 95323             
39674      | 39674               | 95324             
39677      | 39677               | 95325             
39678      | 39678               | 95326             
39679      | 39679               | 95327             
39686      | 39686               | 95328             
39688      | 39688               | 95329             
39689      | 39689               | 95330             
3969       | 3969                | 95331             
39691      | 39691               | 95332             
39697      | 39697               | 95333             
39708      | 39708               | 95334             
39709      | 39709               | 95335             
39710      | 39710               | 95336             
39712      | 39712               | 95337             
39719      | 39719               | 95338             
3972       | 3972                | 95339             
39722      | 39722               | 95340             
39723      | 39723               | 95341             
39725      | 39725               | 95342             
39728      | 39728               | 95343             
39732      | 39732               | 95344             
39737      | 39737               | 95345             
39740      | 39740               | 95346             
39742      | 39742               | 95347             
39743      | 39743               | 95348             
39750      | 39750               | 95349             
39753      | 39753               | 95350             
39754      | 39754               | 95351             
39756      | 39756               | 95352             
3976       | 3976                | 95353             
39769      | 39769               | 95354             
39771      | 39771               | 95355             
39773      | 39773               | 95356             
39781      | 39781               | 95357             
39782      | 39782               | 95358             
39784      | 39784               | 95359             
39786      | 39786               | 95360             
39788      | 39788               | 95361             
3979       | 3979                | 95362             
39791      | 39791               | 95363             
39793      | 39793               | 95364             
39795      | 39795               | 95365             
39796      | 39796               | 95366             
39801      | 39801               | 95367             
39804      | 39804               | 95368             
39805      | 39805               | 95369             
39809      | 39809               | 95370             
39817      | 39817               | 95371             
3982       | 3982                | 95372             
39825      | 39825               | 95373             
39827      | 39827               | 95374             
3983       | 3983                | 95375             
39833      | 39833               | 95376             
39834      | 39834               | 95377             
39836      | 39836               | 95378             
39837      | 39837               | 95379             
39843      | 39843               | 95380             
39845      | 39845               | 95381             
39846      | 39846               | 95382             
39848      | 39848               | 95383             
39855      | 39855               | 95384             
39858      | 39858               | 95385             
39860      | 39860               | 95386             
39862      | 39862               | 95387             
39864      | 39864               | 95388             
39867      | 39867               | 95389             
39868      | 39868               | 95390             
39872      | 39872               | 95391             
39876      | 39876               | 95392             
39877      | 39877               | 95393             
39888      | 39888               | 95394             
39890      | 39890               | 95395             
39891      | 39891               | 95396             
39895      | 39895               | 95397             
39899      | 39899               | 95398             
39909      | 39909               | 95399             
39911      | 39911               | 95400             
39912      | 39912               | 95401             
39917      | 39917               | 95402             
39927      | 39927               | 95403             
39931      | 39931               | 95404             
39938      | 39938               | 95405             
39942      | 39942               | 95406             
39946      | 39946               | 95407             
39947      | 39947               | 95408             
39949      | 39949               | 95409             
39950      | 39950               | 95410             
39952      | 39952               | 95411             
39956      | 39956               | 95412             
39961      | 39961               | 95413             
39966      | 39966               | 95414             
39969      | 39969               | 95415             
39970      | 39970               | 95416             
39975      | 39975               | 95417             
39976      | 39976               | 95418             
39981      | 39981               | 95419             
39984      | 39984               | 95420             
39987      | 39987               | 95421             
39989      | 39989               | 95422             
39991      | 39991               | 95423             
39994      | 39994               | 95424             
40         | 40                  | 95425             
40008      | 40008               | 95426             
40012      | 40012               | 95427             
40017      | 40017               | 95428             
4002       | 4002                | 95429             
40020      | 40020               | 95430             
40023      | 40023               | 95431             
40024      | 40024               | 95432             
40025      | 40025               | 95433             
40027      | 40027               | 95434             
40029      | 40029               | 95435             
40033      | 40033               | 95436             
40037      | 40037               | 95437             
4004       | 4004                | 95438             
40042      | 40042               | 95439             
40050      | 40050               | 95440             
40056      | 40056               | 95441             
4006       | 4006                | 95442             
40068      | 40068               | 95443             
40070      | 40070               | 95444             
40075      | 40075               | 95445             
40079      | 40079               | 95446             
40080      | 40080               | 95447             
40082      | 40082               | 95448             
40091      | 40091               | 95449             
40093      | 40093               | 95450             
40097      | 40097               | 95451             
40098      | 40098               | 95452             
40104      | 40104               | 95453             
40110      | 40110               | 95454             
40113      | 40113               | 95455             
40115      | 40115               | 95456             
40118      | 40118               | 95457             
40120      | 40120               | 95458             
40121      | 40121               | 95459             
40122      | 40122               | 95460             
40126      | 40126               | 95461             
4013       | 4013                | 95462             
40131      | 40131               | 95463             
40133      | 40133               | 95464             
40134      | 40134               | 95465             
40135      | 40135               | 95466             
40137      | 40137               | 95467             
40138      | 40138               | 95468             
40139      | 40139               | 95469             
40159      | 40159               | 95470             
40160      | 40160               | 95471             
40161      | 40161               | 95472             
40167      | 40167               | 95473             
40183      | 40183               | 95474             
40191      | 40191               | 95475             
40193      | 40193               | 95476             
40198      | 40198               | 95477             
402        | 402                 | 95478             
40207      | 40207               | 95479             
40212      | 40212               | 95480             
40214      | 40214               | 95481             
40216      | 40216               | 95482             
40219      | 40219               | 95483             
40220      | 40220               | 95484             
40224      | 40224               | 95485             
40226      | 40226               | 95486             
40228      | 40228               | 95487             
40244      | 40244               | 95488             
40245      | 40245               | 95489             
40248      | 40248               | 95490             
4025       | 4025                | 95491             
40251      | 40251               | 95492             
40259      | 40259               | 95493             
40260      | 40260               | 95494             
40266      | 40266               | 95495             
40267      | 40267               | 95496             
40273      | 40273               | 95497             
40283      | 40283               | 95498             
40285      | 40285               | 95499             
40287      | 40287               | 95500             
40294      | 40294               | 95501             
40298      | 40298               | 95502             
40299      | 40299               | 95503             
40303      | 40303               | 95504             
40309      | 40309               | 95505             
4031       | 4031                | 95506             
40310      | 40310               | 95507             
40311      | 40311               | 95508             
40312      | 40312               | 95509             
40319      | 40319               | 95510             
40326      | 40326               | 95511             
40333      | 40333               | 95512             
40341      | 40341               | 95513             
4035       | 4035                | 95514             
40352      | 40352               | 95515             
40354      | 40354               | 95516             
40357      | 40357               | 95517             
40359      | 40359               | 95518             
40363      | 40363               | 95519             
40369      | 40369               | 95520             
40370      | 40370               | 95521             
40373      | 40373               | 95522             
40374      | 40374               | 95523             
40378      | 40378               | 95524             
40381      | 40381               | 95525             
40383      | 40383               | 95526             
40393      | 40393               | 95527             
40394      | 40394               | 95528             
40395      | 40395               | 95529             
40399      | 40399               | 95530             
40407      | 40407               | 95531             
4041       | 4041                | 95532             
40410      | 40410               | 95533             
40416      | 40416               | 95534             
40418      | 40418               | 95535             
4042       | 4042                | 95536             
40424      | 40424               | 95537             
40431      | 40431               | 95538             
40435      | 40435               | 95539             
40439      | 40439               | 95540             
40442      | 40442               | 95541             
40446      | 40446               | 95542             
40450      | 40450               | 95543             
40453      | 40453               | 95544             
40455      | 40455               | 95545             
4046       | 4046                | 95546             
40461      | 40461               | 95547             
40462      | 40462               | 95548             
4047       | 4047                | 95549             
40472      | 40472               | 95550             
40474      | 40474               | 95551             
40476      | 40476               | 95552             
40480      | 40480               | 95553             
40489      | 40489               | 95554             
40490      | 40490               | 95555             
40492      | 40492               | 95556             
40501      | 40501               | 95557             
40509      | 40509               | 95558             
40510      | 40510               | 95559             
40513      | 40513               | 95560             
40522      | 40522               | 95561             
40526      | 40526               | 95562             
40529      | 40529               | 95563             
40531      | 40531               | 95564             
40533      | 40533               | 95565             
40534      | 40534               | 95566             
40537      | 40537               | 95567             
40538      | 40538               | 95568             
40539      | 40539               | 95569             
40540      | 40540               | 95570             
40542      | 40542               | 95571             
40543      | 40543               | 95572             
40544      | 40544               | 95573             
40545      | 40545               | 95574             
40547      | 40547               | 95575             
40550      | 40550               | 95576             
40551      | 40551               | 95577             
40552      | 40552               | 95578             
40554      | 40554               | 95579             
40562      | 40562               | 95580             
40567      | 40567               | 95581             
4057       | 4057                | 95582             
40573      | 40573               | 95583             
40588      | 40588               | 95584             
40590      | 40590               | 95585             
40608      | 40608               | 95586             
40611      | 40611               | 95587             
40621      | 40621               | 95588             
40624      | 40624               | 95589             
4063       | 4063                | 95590             
40637      | 40637               | 95591             
40638      | 40638               | 95592             
40639      | 40639               | 95593             
4064       | 4064                | 95594             
40646      | 40646               | 95595             
40650      | 40650               | 95596             
40651      | 40651               | 95597             
40656      | 40656               | 95598             
40660      | 40660               | 95599             
40663      | 40663               | 95600             
40669      | 40669               | 95601             
40671      | 40671               | 95602             
40672      | 40672               | 95603             
40673      | 40673               | 95604             
40677      | 40677               | 95605             
40678      | 40678               | 95606             
40684      | 40684               | 95607             
40686      | 40686               | 95608             
40688      | 40688               | 95609             
40689      | 40689               | 95610             
4069       | 4069                | 95611             
40690      | 40690               | 95612             
40696      | 40696               | 95613             
40697      | 40697               | 95614             
40698      | 40698               | 95615             
40699      | 40699               | 95616             
40700      | 40700               | 95617             
40705      | 40705               | 95618             
40709      | 40709               | 95619             
4071       | 4071                | 95620             
40714      | 40714               | 95621             
40722      | 40722               | 95622             
40725      | 40725               | 95623             
4073       | 4073                | 95624             
40731      | 40731               | 95625             
40732      | 40732               | 95626             
40736      | 40736               | 95627             
40740      | 40740               | 95628             
40744      | 40744               | 95629             
40749      | 40749               | 95630             
4075       | 4075                | 95631             
40750      | 40750               | 95632             
40754      | 40754               | 95633             
40756      | 40756               | 95634             
40759      | 40759               | 95635             
40763      | 40763               | 95636             
40767      | 40767               | 95637             
40768      | 40768               | 95638             
40778      | 40778               | 95639             
40779      | 40779               | 95640             
4078       | 4078                | 95641             
40788      | 40788               | 95642             
4079       | 4079                | 95643             
40797      | 40797               | 95644             
4080       | 4080                | 95645             
40805      | 40805               | 95646             
40812      | 40812               | 95647             
40815      | 40815               | 95648             
40819      | 40819               | 95649             
40825      | 40825               | 95650             
40835      | 40835               | 95651             
40842      | 40842               | 95652             
40846      | 40846               | 95653             
40848      | 40848               | 95654             
40849      | 40849               | 95655             
40850      | 40850               | 95656             
40852      | 40852               | 95657             
40853      | 40853               | 95658             
40854      | 40854               | 95659             
40857      | 40857               | 95660             
40862      | 40862               | 95661             
40864      | 40864               | 95662             
40866      | 40866               | 95663             
40869      | 40869               | 95664             
40870      | 40870               | 95665             
40874      | 40874               | 95666             
40881      | 40881               | 95667             
40885      | 40885               | 95668             
40891      | 40891               | 95669             
40894      | 40894               | 95670             
40895      | 40895               | 95671             
40899      | 40899               | 95672             
409        | 409                 | 95673             
4090       | 4090                | 95674             
40907      | 40907               | 95675             
40908      | 40908               | 95676             
40909      | 40909               | 95677             
40911      | 40911               | 95678             
40912      | 40912               | 95679             
40925      | 40925               | 95680             
40926      | 40926               | 95681             
40928      | 40928               | 95682             
4093       | 4093                | 95683             
40931      | 40931               | 95684             
40935      | 40935               | 95685             
4094       | 4094                | 95686             
40940      | 40940               | 95687             
40941      | 40941               | 95688             
40944      | 40944               | 95689             
40947      | 40947               | 95690             
40949      | 40949               | 95691             
4095       | 4095                | 95692             
40950      | 40950               | 95693             
40951      | 40951               | 95694             
40952      | 40952               | 95695             
40954      | 40954               | 95696             
40958      | 40958               | 95697             
40976      | 40976               | 95698             
40979      | 40979               | 95699             
40981      | 40981               | 95700             
40982      | 40982               | 95701             
40986      | 40986               | 95702             
40987      | 40987               | 95703             
40991      | 40991               | 95704             
40995      | 40995               | 95705             
41         | 41                  | 95706             
41001      | 41001               | 95707             
41003      | 41003               | 95708             
41013      | 41013               | 95709             
41018      | 41018               | 95710             
41044      | 41044               | 95711             
41047      | 41047               | 95712             
41048      | 41048               | 95713             
41054      | 41054               | 95714             
41056      | 41056               | 95715             
41059      | 41059               | 95716             
41060      | 41060               | 95717             
41065      | 41065               | 95718             
4107       | 4107                | 95719             
41070      | 41070               | 95720             
41073      | 41073               | 95721             
41079      | 41079               | 95722             
41081      | 41081               | 95723             
41085      | 41085               | 95724             
41088      | 41088               | 95725             
41095      | 41095               | 95726             
41100      | 41100               | 95727             
41101      | 41101               | 95728             
41105      | 41105               | 95729             
41106      | 41106               | 95730             
41107      | 41107               | 95731             
41114      | 41114               | 95732             
41118      | 41118               | 95733             
41122      | 41122               | 95734             
41125      | 41125               | 95735             
41127      | 41127               | 95736             
4113       | 4113                | 95737             
41133      | 41133               | 95738             
41137      | 41137               | 95739             
41146      | 41146               | 95740             
41148      | 41148               | 95741             
41153      | 41153               | 95742             
41155      | 41155               | 95743             
41159      | 41159               | 95744             
41161      | 41161               | 95745             
41163      | 41163               | 95746             
41166      | 41166               | 95747             
41168      | 41168               | 95748             
4117       | 4117                | 95749             
41183      | 41183               | 95750             
41188      | 41188               | 95751             
41193      | 41193               | 95752             
41197      | 41197               | 95753             
41198      | 41198               | 95754             
412        | 412                 | 95755             
41200      | 41200               | 95756             
41207      | 41207               | 95757             
41210      | 41210               | 95758             
41215      | 41215               | 95759             
4122       | 4122                | 95760             
41223      | 41223               | 95761             
41224      | 41224               | 95762             
41228      | 41228               | 95763             
41238      | 41238               | 95764             
41243      | 41243               | 95765             
41247      | 41247               | 95766             
41266      | 41266               | 95767             
41269      | 41269               | 95768             
41273      | 41273               | 95769             
41279      | 41279               | 95770             
41284      | 41284               | 95771             
41286      | 41286               | 95772             
4129       | 4129                | 95773             
41290      | 41290               | 95774             
41292      | 41292               | 95775             
41298      | 41298               | 95776             
4130       | 4130                | 95777             
41300      | 41300               | 95778             
41307      | 41307               | 95779             
4131       | 4131                | 95780             
41311      | 41311               | 95781             
41317      | 41317               | 95782             
41319      | 41319               | 95783             
41324      | 41324               | 95784             
41326      | 41326               | 95785             
41335      | 41335               | 95786             
41339      | 41339               | 95787             
41340      | 41340               | 95788             
41344      | 41344               | 95789             
41355      | 41355               | 95790             
41357      | 41357               | 95791             
41359      | 41359               | 95792             
41370      | 41370               | 95793             
41372      | 41372               | 95794             
41382      | 41382               | 95795             
41391      | 41391               | 95796             
41392      | 41392               | 95797             
41404      | 41404               | 95798             
41408      | 41408               | 95799             
41412      | 41412               | 95800             
41414      | 41414               | 95801             
41421      | 41421               | 95802             
41422      | 41422               | 95803             
41423      | 41423               | 95804             
41433      | 41433               | 95805             
41436      | 41436               | 95806             
41437      | 41437               | 95807             
41438      | 41438               | 95808             
41441      | 41441               | 95809             
41446      | 41446               | 95810             
41449      | 41449               | 95811             
4145       | 4145                | 95812             
41452      | 41452               | 95813             
41455      | 41455               | 95814             
41457      | 41457               | 95815             
41465      | 41465               | 95816             
41468      | 41468               | 95817             
41469      | 41469               | 95818             
41470      | 41470               | 95819             
41471      | 41471               | 95820             
41472      | 41472               | 95821             
41486      | 41486               | 95822             
41491      | 41491               | 95823             
41492      | 41492               | 95824             
41495      | 41495               | 95825             
41502      | 41502               | 95826             
41505      | 41505               | 95827             
41508      | 41508               | 95828             
41511      | 41511               | 95829             
41517      | 41517               | 95830             
41523      | 41523               | 95831             
41527      | 41527               | 95832             
41528      | 41528               | 95833             
41537      | 41537               | 95834             
41541      | 41541               | 95835             
41542      | 41542               | 95836             
41559      | 41559               | 95837             
41561      | 41561               | 95838             
41568      | 41568               | 95839             
41570      | 41570               | 95840             
41573      | 41573               | 95841             
41575      | 41575               | 95842             
41579      | 41579               | 95843             
41581      | 41581               | 95844             
41587      | 41587               | 95845             
41589      | 41589               | 95846             
41590      | 41590               | 95847             
41598      | 41598               | 95848             
416        | 416                 | 95849             
41614      | 41614               | 95850             
41626      | 41626               | 95851             
41642      | 41642               | 95852             
41643      | 41643               | 95853             
41645      | 41645               | 95854             
41646      | 41646               | 95855             
41647      | 41647               | 95856             
41652      | 41652               | 95857             
41655      | 41655               | 95858             
41657      | 41657               | 95859             
41662      | 41662               | 95860             
41668      | 41668               | 95861             
41669      | 41669               | 95862             
41673      | 41673               | 95863             
41675      | 41675               | 95864             
41694      | 41694               | 95865             
41695      | 41695               | 95866             
41697      | 41697               | 95867             
41699      | 41699               | 95868             
417        | 417                 | 95869             
41716      | 41716               | 95870             
41722      | 41722               | 95871             
41723      | 41723               | 95872             
41725      | 41725               | 95873             
41732      | 41732               | 95874             
41733      | 41733               | 95875             
41736      | 41736               | 95876             
41737      | 41737               | 95877             
41742      | 41742               | 95878             
41746      | 41746               | 95879             
41747      | 41747               | 95880             
41751      | 41751               | 95881             
41753      | 41753               | 95882             
41756      | 41756               | 95883             
41757      | 41757               | 95884             
41759      | 41759               | 95885             
41762      | 41762               | 95886             
41766      | 41766               | 95887             
41778      | 41778               | 95888             
41779      | 41779               | 95889             
41781      | 41781               | 95890             
41787      | 41787               | 95891             
41788      | 41788               | 95892             
41789      | 41789               | 95893             
41793      | 41793               | 95894             
41795      | 41795               | 95895             
41796      | 41796               | 95896             
41797      | 41797               | 95897             
41799      | 41799               | 95898             
418        | 418                 | 95899             
41804      | 41804               | 95900             
41806      | 41806               | 95901             
41809      | 41809               | 95902             
41810      | 41810               | 95903             
4182       | 4182                | 95904             
41824      | 41824               | 95905             
41827      | 41827               | 95906             
41828      | 41828               | 95907             
41835      | 41835               | 95908             
41837      | 41837               | 95909             
41842      | 41842               | 95910             
41844      | 41844               | 95911             
41846      | 41846               | 95912             
41847      | 41847               | 95913             
41852      | 41852               | 95914             
41856      | 41856               | 95915             
41858      | 41858               | 95916             
41860      | 41860               | 95917             
41866      | 41866               | 95918             
41869      | 41869               | 95919             
41883      | 41883               | 95920             
41884      | 41884               | 95921             
41902      | 41902               | 95922             
41903      | 41903               | 95923             
4191       | 4191                | 95924             
41910      | 41910               | 95925             
41919      | 41919               | 95926             
41920      | 41920               | 95927             
41922      | 41922               | 95928             
41934      | 41934               | 95929             
41938      | 41938               | 95930             
41940      | 41940               | 95931             
41941      | 41941               | 95932             
41945      | 41945               | 95933             
41946      | 41946               | 95934             
41949      | 41949               | 95935             
41951      | 41951               | 95936             
41952      | 41952               | 95937             
41955      | 41955               | 95938             
41960      | 41960               | 95939             
41965      | 41965               | 95940             
41967      | 41967               | 95941             
4197       | 4197                | 95942             
41970      | 41970               | 95943             
41977      | 41977               | 95944             
41982      | 41982               | 95945             
41987      | 41987               | 95946             
4199       | 4199                | 95947             
41995      | 41995               | 95948             
41997      | 41997               | 95949             
41999      | 41999               | 95950             
42         | 42                  | 95951             
420        | 420                 | 95952             
4200       | 4200                | 95953             
42004      | 42004               | 95954             
42008      | 42008               | 95955             
42009      | 42009               | 95956             
42012      | 42012               | 95957             
42013      | 42013               | 95958             
42015      | 42015               | 95959             
4202       | 4202                | 95960             
42021      | 42021               | 95961             
42024      | 42024               | 95962             
42027      | 42027               | 95963             
42030      | 42030               | 95964             
42034      | 42034               | 95965             
42049      | 42049               | 95966             
42050      | 42050               | 95967             
42051      | 42051               | 95968             
42059      | 42059               | 95969             
42062      | 42062               | 95970             
42063      | 42063               | 95971             
42081      | 42081               | 95972             
42082      | 42082               | 95973             
42093      | 42093               | 95974             
42096      | 42096               | 95975             
42098      | 42098               | 95976             
42099      | 42099               | 95977             
42100      | 42100               | 95978             
42101      | 42101               | 95979             
42102      | 42102               | 95980             
42104      | 42104               | 95981             
42106      | 42106               | 95982             
4211       | 4211                | 95983             
42110      | 42110               | 95984             
42112      | 42112               | 95985             
42115      | 42115               | 95986             
42116      | 42116               | 95987             
42119      | 42119               | 95988             
42120      | 42120               | 95989             
42121      | 42121               | 95990             
42126      | 42126               | 95991             
42132      | 42132               | 95992             
42148      | 42148               | 95993             
42149      | 42149               | 95994             
42150      | 42150               | 95995             
42156      | 42156               | 95996             
42158      | 42158               | 95997             
42171      | 42171               | 95998             
4218       | 4218                | 95999             
42181      | 42181               | 96000             
42182      | 42182               | 96001             
42187      | 42187               | 96002             
42195      | 42195               | 96003             
42196      | 42196               | 96004             
422        | 422                 | 96005             
42207      | 42207               | 96006             
42215      | 42215               | 96007             
42218      | 42218               | 96008             
42220      | 42220               | 96009             
42223      | 42223               | 96010             
42226      | 42226               | 96011             
42237      | 42237               | 96012             
42241      | 42241               | 96013             
42243      | 42243               | 96014             
42247      | 42247               | 96015             
42249      | 42249               | 96016             
4225       | 4225                | 96017             
42257      | 42257               | 96018             
42258      | 42258               | 96019             
42259      | 42259               | 96020             
42261      | 42261               | 96021             
42262      | 42262               | 96022             
42270      | 42270               | 96023             
42273      | 42273               | 96024             
42274      | 42274               | 96025             
42275      | 42275               | 96026             
42277      | 42277               | 96027             
42278      | 42278               | 96028             
42280      | 42280               | 96029             
42282      | 42282               | 96030             
42288      | 42288               | 96031             
4229       | 4229                | 96032             
42291      | 42291               | 96033             
42292      | 42292               | 96034             
42294      | 42294               | 96035             
42299      | 42299               | 96036             
42307      | 42307               | 96037             
4231       | 4231                | 96038             
42310      | 42310               | 96039             
42317      | 42317               | 96040             
42320      | 42320               | 96041             
42321      | 42321               | 96042             
42329      | 42329               | 96043             
4233       | 4233                | 96044             
42330      | 42330               | 96045             
42338      | 42338               | 96046             
42340      | 42340               | 96047             
42343      | 42343               | 96048             
42357      | 42357               | 96049             
42362      | 42362               | 96050             
42369      | 42369               | 96051             
42373      | 42373               | 96052             
42374      | 42374               | 96053             
42377      | 42377               | 96054             
4238       | 4238                | 96055             
42383      | 42383               | 96056             
42386      | 42386               | 96057             
42390      | 42390               | 96058             
42396      | 42396               | 96059             
42401      | 42401               | 96060             
42408      | 42408               | 96061             
4241       | 4241                | 96062             
42412      | 42412               | 96063             
42421      | 42421               | 96064             
42432      | 42432               | 96065             
42456      | 42456               | 96066             
4246       | 4246                | 96067             
42460      | 42460               | 96068             
42461      | 42461               | 96069             
42463      | 42463               | 96070             
42467      | 42467               | 96071             
42471      | 42471               | 96072             
42472      | 42472               | 96073             
42476      | 42476               | 96074             
42484      | 42484               | 96075             
42488      | 42488               | 96076             
4249       | 4249                | 96077             
42499      | 42499               | 96078             
42515      | 42515               | 96079             
42517      | 42517               | 96080             
42519      | 42519               | 96081             
42521      | 42521               | 96082             
42529      | 42529               | 96083             
42531      | 42531               | 96084             
42532      | 42532               | 96085             
42533      | 42533               | 96086             
42537      | 42537               | 96087             
42538      | 42538               | 96088             
42541      | 42541               | 96089             
42543      | 42543               | 96090             
42544      | 42544               | 96091             
42548      | 42548               | 96092             
42549      | 42549               | 96093             
4255       | 4255                | 96094             
42550      | 42550               | 96095             
42551      | 42551               | 96096             
42553      | 42553               | 96097             
42556      | 42556               | 96098             
42558      | 42558               | 96099             
4256       | 4256                | 96100             
42560      | 42560               | 96101             
42561      | 42561               | 96102             
42565      | 42565               | 96103             
42567      | 42567               | 96104             
42568      | 42568               | 96105             
4257       | 4257                | 96106             
42572      | 42572               | 96107             
42574      | 42574               | 96108             
42575      | 42575               | 96109             
42577      | 42577               | 96110             
42580      | 42580               | 96111             
42591      | 42591               | 96112             
42592      | 42592               | 96113             
42593      | 42593               | 96114             
42597      | 42597               | 96115             
4260       | 4260                | 96116             
42602      | 42602               | 96117             
42604      | 42604               | 96118             
42611      | 42611               | 96119             
42619      | 42619               | 96120             
42626      | 42626               | 96121             
42629      | 42629               | 96122             
42631      | 42631               | 96123             
42633      | 42633               | 96124             
4264       | 4264                | 96125             
42640      | 42640               | 96126             
42644      | 42644               | 96127             
42646      | 42646               | 96128             
42648      | 42648               | 96129             
42651      | 42651               | 96130             
42652      | 42652               | 96131             
42658      | 42658               | 96132             
42659      | 42659               | 96133             
42660      | 42660               | 96134             
42663      | 42663               | 96135             
42667      | 42667               | 96136             
42672      | 42672               | 96137             
42678      | 42678               | 96138             
4268       | 4268                | 96139             
42682      | 42682               | 96140             
42683      | 42683               | 96141             
42684      | 42684               | 96142             
42685      | 42685               | 96143             
42689      | 42689               | 96144             
42691      | 42691               | 96145             
42697      | 42697               | 96146             
4270       | 4270                | 96147             
42711      | 42711               | 96148             
42713      | 42713               | 96149             
42724      | 42724               | 96150             
42728      | 42728               | 96151             
42733      | 42733               | 96152             
42736      | 42736               | 96153             
42738      | 42738               | 96154             
4274       | 4274                | 96155             
42740      | 42740               | 96156             
42748      | 42748               | 96157             
42749      | 42749               | 96158             
42751      | 42751               | 96159             
42754      | 42754               | 96160             
42756      | 42756               | 96161             
42760      | 42760               | 96162             
42761      | 42761               | 96163             
42762      | 42762               | 96164             
42764      | 42764               | 96165             
42765      | 42765               | 96166             
42777      | 42777               | 96167             
42780      | 42780               | 96168             
42781      | 42781               | 96169             
42782      | 42782               | 96170             
42784      | 42784               | 96171             
42785      | 42785               | 96172             
42795      | 42795               | 96173             
42808      | 42808               | 96174             
42811      | 42811               | 96175             
42820      | 42820               | 96176             
42821      | 42821               | 96177             
42825      | 42825               | 96178             
4283       | 4283                | 96179             
42831      | 42831               | 96180             
42833      | 42833               | 96181             
4284       | 4284                | 96182             
42842      | 42842               | 96183             
42845      | 42845               | 96184             
42851      | 42851               | 96185             
42854      | 42854               | 96186             
42856      | 42856               | 96187             
4286       | 4286                | 96188             
42866      | 42866               | 96189             
42869      | 42869               | 96190             
4287       | 4287                | 96191             
42875      | 42875               | 96192             
42876      | 42876               | 96193             
42877      | 42877               | 96194             
42883      | 42883               | 96195             
42884      | 42884               | 96196             
42888      | 42888               | 96197             
42889      | 42889               | 96198             
4289       | 4289                | 96199             
42890      | 42890               | 96200             
42892      | 42892               | 96201             
42893      | 42893               | 96202             
42895      | 42895               | 96203             
42902      | 42902               | 96204             
4291       | 4291                | 96205             
42913      | 42913               | 96206             
4292       | 4292                | 96207             
42922      | 42922               | 96208             
42923      | 42923               | 96209             
42931      | 42931               | 96210             
42932      | 42932               | 96211             
42939      | 42939               | 96212             
42944      | 42944               | 96213             
42946      | 42946               | 96214             
42947      | 42947               | 96215             
42948      | 42948               | 96216             
4295       | 4295                | 96217             
42953      | 42953               | 96218             
42954      | 42954               | 96219             
42957      | 42957               | 96220             
42962      | 42962               | 96221             
42963      | 42963               | 96222             
42965      | 42965               | 96223             
42969      | 42969               | 96224             
42970      | 42970               | 96225             
42977      | 42977               | 96226             
42978      | 42978               | 96227             
42984      | 42984               | 96228             
42986      | 42986               | 96229             
42988      | 42988               | 96230             
4299       | 4299                | 96231             
42992      | 42992               | 96232             
42998      | 42998               | 96233             
430        | 430                 | 96234             
43000      | 43000               | 96235             
43001      | 43001               | 96236             
43009      | 43009               | 96237             
43010      | 43010               | 96238             
43011      | 43011               | 96239             
43013      | 43013               | 96240             
4302       | 4302                | 96241             
43020      | 43020               | 96242             
43021      | 43021               | 96243             
43024      | 43024               | 96244             
43026      | 43026               | 96245             
43028      | 43028               | 96246             
43029      | 43029               | 96247             
43031      | 43031               | 96248             
43034      | 43034               | 96249             
43035      | 43035               | 96250             
43037      | 43037               | 96251             
43040      | 43040               | 96252             
43041      | 43041               | 96253             
43042      | 43042               | 96254             
43043      | 43043               | 96255             
43051      | 43051               | 96256             
43054      | 43054               | 96257             
43057      | 43057               | 96258             
43058      | 43058               | 96259             
4306       | 4306                | 96260             
43061      | 43061               | 96261             
43062      | 43062               | 96262             
43063      | 43063               | 96263             
43065      | 43065               | 96264             
43070      | 43070               | 96265             
43072      | 43072               | 96266             
43073      | 43073               | 96267             
43076      | 43076               | 96268             
43077      | 43077               | 96269             
4308       | 4308                | 96270             
43086      | 43086               | 96271             
43097      | 43097               | 96272             
43103      | 43103               | 96273             
43105      | 43105               | 96274             
43113      | 43113               | 96275             
43114      | 43114               | 96276             
43115      | 43115               | 96277             
43121      | 43121               | 96278             
43123      | 43123               | 96279             
43124      | 43124               | 96280             
43136      | 43136               | 96281             
43138      | 43138               | 96282             
43142      | 43142               | 96283             
43143      | 43143               | 96284             
43144      | 43144               | 96285             
43145      | 43145               | 96286             
43151      | 43151               | 96287             
43154      | 43154               | 96288             
43155      | 43155               | 96289             
43156      | 43156               | 96290             
43157      | 43157               | 96291             
43159      | 43159               | 96292             
43160      | 43160               | 96293             
43167      | 43167               | 96294             
43168      | 43168               | 96295             
43170      | 43170               | 96296             
43172      | 43172               | 96297             
43178      | 43178               | 96298             
43180      | 43180               | 96299             
43182      | 43182               | 96300             
43185      | 43185               | 96301             
43188      | 43188               | 96302             
43189      | 43189               | 96303             
43190      | 43190               | 96304             
43192      | 43192               | 96305             
43197      | 43197               | 96306             
43201      | 43201               | 96307             
43208      | 43208               | 96308             
43211      | 43211               | 96309             
43213      | 43213               | 96310             
43224      | 43224               | 96311             
43228      | 43228               | 96312             
43234      | 43234               | 96313             
43237      | 43237               | 96314             
43241      | 43241               | 96315             
43242      | 43242               | 96316             
43244      | 43244               | 96317             
43245      | 43245               | 96318             
43247      | 43247               | 96319             
43248      | 43248               | 96320             
43259      | 43259               | 96321             
43266      | 43266               | 96322             
43267      | 43267               | 96323             
43268      | 43268               | 96324             
43269      | 43269               | 96325             
43270      | 43270               | 96326             
43272      | 43272               | 96327             
43273      | 43273               | 96328             
4328       | 4328                | 96329             
43283      | 43283               | 96330             
4329       | 4329                | 96331             
43292      | 43292               | 96332             
4330       | 4330                | 96333             
43312      | 43312               | 96334             
43320      | 43320               | 96335             
43328      | 43328               | 96336             
4333       | 4333                | 96337             
43332      | 43332               | 96338             
43333      | 43333               | 96339             
4334       | 4334                | 96340             
43342      | 43342               | 96341             
43346      | 43346               | 96342             
43350      | 43350               | 96343             
43353      | 43353               | 96344             
4336       | 4336                | 96345             
43360      | 43360               | 96346             
43361      | 43361               | 96347             
43366      | 43366               | 96348             
43367      | 43367               | 96349             
43368      | 43368               | 96350             
43369      | 43369               | 96351             
43370      | 43370               | 96352             
43376      | 43376               | 96353             
43380      | 43380               | 96354             
43383      | 43383               | 96355             
43385      | 43385               | 96356             
43386      | 43386               | 96357             
4340       | 4340                | 96358             
43400      | 43400               | 96359             
43401      | 43401               | 96360             
43415      | 43415               | 96361             
43418      | 43418               | 96362             
43420      | 43420               | 96363             
43421      | 43421               | 96364             
43422      | 43422               | 96365             
43426      | 43426               | 96366             
43427      | 43427               | 96367             
43434      | 43434               | 96368             
43436      | 43436               | 96369             
43447      | 43447               | 96370             
43448      | 43448               | 96371             
43449      | 43449               | 96372             
43450      | 43450               | 96373             
43452      | 43452               | 96374             
43462      | 43462               | 96375             
43466      | 43466               | 96376             
43468      | 43468               | 96377             
4347       | 4347                | 96378             
43473      | 43473               | 96379             
43479      | 43479               | 96380             
43486      | 43486               | 96381             
43488      | 43488               | 96382             
43489      | 43489               | 96383             
43496      | 43496               | 96384             
43497      | 43497               | 96385             
43503      | 43503               | 96386             
43505      | 43505               | 96387             
43515      | 43515               | 96388             
43516      | 43516               | 96389             
43521      | 43521               | 96390             
43524      | 43524               | 96391             
43525      | 43525               | 96392             
4353       | 4353                | 96393             
43532      | 43532               | 96394             
43534      | 43534               | 96395             
43535      | 43535               | 96396             
43536      | 43536               | 96397             
43537      | 43537               | 96398             
43541      | 43541               | 96399             
43542      | 43542               | 96400             
43544      | 43544               | 96401             
43548      | 43548               | 96402             
4355       | 4355                | 96403             
43550      | 43550               | 96404             
43552      | 43552               | 96405             
43563      | 43563               | 96406             
43565      | 43565               | 96407             
43566      | 43566               | 96408             
4357       | 4357                | 96409             
43572      | 43572               | 96410             
43578      | 43578               | 96411             
43580      | 43580               | 96412             
43584      | 43584               | 96413             
43586      | 43586               | 96414             
43587      | 43587               | 96415             
43589      | 43589               | 96416             
43591      | 43591               | 96417             
43608      | 43608               | 96418             
4361       | 4361                | 96419             
4362       | 4362                | 96420             
43620      | 43620               | 96421             
43622      | 43622               | 96422             
43630      | 43630               | 96423             
43636      | 43636               | 96424             
43637      | 43637               | 96425             
43638      | 43638               | 96426             
43639      | 43639               | 96427             
43640      | 43640               | 96428             
43649      | 43649               | 96429             
43650      | 43650               | 96430             
43652      | 43652               | 96431             
43658      | 43658               | 96432             
4366       | 4366                | 96433             
43661      | 43661               | 96434             
43666      | 43666               | 96435             
43667      | 43667               | 96436             
43671      | 43671               | 96437             
43672      | 43672               | 96438             
43673      | 43673               | 96439             
43683      | 43683               | 96440             
43684      | 43684               | 96441             
43692      | 43692               | 96442             
43695      | 43695               | 96443             
43696      | 43696               | 96444             
43697      | 43697               | 96445             
4370       | 4370                | 96446             
43700      | 43700               | 96447             
43703      | 43703               | 96448             
43707      | 43707               | 96449             
43709      | 43709               | 96450             
4371       | 4371                | 96451             
43710      | 43710               | 96452             
43713      | 43713               | 96453             
43715      | 43715               | 96454             
43716      | 43716               | 96455             
43721      | 43721               | 96456             
4373       | 4373                | 96457             
43730      | 43730               | 96458             
43736      | 43736               | 96459             
43738      | 43738               | 96460             
43743      | 43743               | 96461             
43749      | 43749               | 96462             
43752      | 43752               | 96463             
43753      | 43753               | 96464             
43756      | 43756               | 96465             
43757      | 43757               | 96466             
4376       | 4376                | 96467             
43760      | 43760               | 96468             
43761      | 43761               | 96469             
43763      | 43763               | 96470             
43764      | 43764               | 96471             
43770      | 43770               | 96472             
43771      | 43771               | 96473             
43772      | 43772               | 96474             
43774      | 43774               | 96475             
43775      | 43775               | 96476             
43777      | 43777               | 96477             
43778      | 43778               | 96478             
4378       | 4378                | 96479             
43786      | 43786               | 96480             
43791      | 43791               | 96481             
43795      | 43795               | 96482             
4380       | 4380                | 96483             
4381       | 4381                | 96484             
43814      | 43814               | 96485             
43815      | 43815               | 96486             
43816      | 43816               | 96487             
43818      | 43818               | 96488             
43819      | 43819               | 96489             
43823      | 43823               | 96490             
43825      | 43825               | 96491             
43828      | 43828               | 96492             
4383       | 4383                | 96493             
43839      | 43839               | 96494             
43842      | 43842               | 96495             
43848      | 43848               | 96496             
4385       | 4385                | 96497             
43854      | 43854               | 96498             
43857      | 43857               | 96499             
43858      | 43858               | 96500             
4386       | 4386                | 96501             
43864      | 43864               | 96502             
43873      | 43873               | 96503             
43874      | 43874               | 96504             
43876      | 43876               | 96505             
43877      | 43877               | 96506             
43890      | 43890               | 96507             
43892      | 43892               | 96508             
439        | 439                 | 96509             
4390       | 4390                | 96510             
4392       | 4392                | 96511             
43921      | 43921               | 96512             
43927      | 43927               | 96513             
43928      | 43928               | 96514             
4393       | 4393                | 96515             
43933      | 43933               | 96516             
4394       | 4394                | 96517             
43942      | 43942               | 96518             
43944      | 43944               | 96519             
43953      | 43953               | 96520             
43956      | 43956               | 96521             
43958      | 43958               | 96522             
43962      | 43962               | 96523             
43964      | 43964               | 96524             
43965      | 43965               | 96525             
43968      | 43968               | 96526             
4397       | 4397                | 96527             
43971      | 43971               | 96528             
43974      | 43974               | 96529             
43978      | 43978               | 96530             
4398       | 4398                | 96531             
43981      | 43981               | 96532             
43989      | 43989               | 96533             
43993      | 43993               | 96534             
43995      | 43995               | 96535             
43996      | 43996               | 96536             
44010      | 44010               | 96537             
44021      | 44021               | 96538             
44029      | 44029               | 96539             
44036      | 44036               | 96540             
44038      | 44038               | 96541             
44043      | 44043               | 96542             
44045      | 44045               | 96543             
44046      | 44046               | 96544             
44048      | 44048               | 96545             
44055      | 44055               | 96546             
44056      | 44056               | 96547             
44058      | 44058               | 96548             
4406       | 4406                | 96549             
44061      | 44061               | 96550             
44075      | 44075               | 96551             
44076      | 44076               | 96552             
44077      | 44077               | 96553             
44078      | 44078               | 96554             
4408       | 4408                | 96555             
44080      | 44080               | 96556             
44086      | 44086               | 96557             
44087      | 44087               | 96558             
44093      | 44093               | 96559             
44094      | 44094               | 96560             
44095      | 44095               | 96561             
44100      | 44100               | 96562             
44104      | 44104               | 96563             
44105      | 44105               | 96564             
44106      | 44106               | 96565             
44108      | 44108               | 96566             
44113      | 44113               | 96567             
44114      | 44114               | 96568             
44115      | 44115               | 96569             
44117      | 44117               | 96570             
4412       | 4412                | 96571             
44121      | 44121               | 96572             
44125      | 44125               | 96573             
44128      | 44128               | 96574             
44129      | 44129               | 96575             
44130      | 44130               | 96576             
44132      | 44132               | 96577             
44133      | 44133               | 96578             
44136      | 44136               | 96579             
44147      | 44147               | 96580             
44150      | 44150               | 96581             
44152      | 44152               | 96582             
44157      | 44157               | 96583             
44160      | 44160               | 96584             
44162      | 44162               | 96585             
44167      | 44167               | 96586             
44168      | 44168               | 96587             
4417       | 4417                | 96588             
44174      | 44174               | 96589             
44176      | 44176               | 96590             
44179      | 44179               | 96591             
44180      | 44180               | 96592             
44182      | 44182               | 96593             
44184      | 44184               | 96594             
44185      | 44185               | 96595             
44192      | 44192               | 96596             
44200      | 44200               | 96597             
44205      | 44205               | 96598             
44206      | 44206               | 96599             
44208      | 44208               | 96600             
44210      | 44210               | 96601             
44213      | 44213               | 96602             
44215      | 44215               | 96603             
4422       | 4422                | 96604             
44220      | 44220               | 96605             
44221      | 44221               | 96606             
44222      | 44222               | 96607             
44223      | 44223               | 96608             
44238      | 44238               | 96609             
44239      | 44239               | 96610             
44241      | 44241               | 96611             
44243      | 44243               | 96612             
44247      | 44247               | 96613             
44251      | 44251               | 96614             
44255      | 44255               | 96615             
44260      | 44260               | 96616             
44263      | 44263               | 96617             
44265      | 44265               | 96618             
44267      | 44267               | 96619             
44268      | 44268               | 96620             
44274      | 44274               | 96621             
44275      | 44275               | 96622             
44276      | 44276               | 96623             
44278      | 44278               | 96624             
44289      | 44289               | 96625             
44298      | 44298               | 96626             
4430       | 4430                | 96627             
44301      | 44301               | 96628             
44305      | 44305               | 96629             
44306      | 44306               | 96630             
4431       | 4431                | 96631             
44311      | 44311               | 96632             
4432       | 4432                | 96633             
44320      | 44320               | 96634             
44321      | 44321               | 96635             
44325      | 44325               | 96636             
44326      | 44326               | 96637             
44327      | 44327               | 96638             
44328      | 44328               | 96639             
44329      | 44329               | 96640             
44334      | 44334               | 96641             
44340      | 44340               | 96642             
44342      | 44342               | 96643             
44347      | 44347               | 96644             
44348      | 44348               | 96645             
44358      | 44358               | 96646             
44359      | 44359               | 96647             
44370      | 44370               | 96648             
44372      | 44372               | 96649             
44375      | 44375               | 96650             
4438       | 4438                | 96651             
44383      | 44383               | 96652             
44385      | 44385               | 96653             
44387      | 44387               | 96654             
44392      | 44392               | 96655             
44397      | 44397               | 96656             
44398      | 44398               | 96657             
44399      | 44399               | 96658             
4440       | 4440                | 96659             
44400      | 44400               | 96660             
44405      | 44405               | 96661             
44412      | 44412               | 96662             
44422      | 44422               | 96663             
44423      | 44423               | 96664             
44425      | 44425               | 96665             
44431      | 44431               | 96666             
44436      | 44436               | 96667             
44442      | 44442               | 96668             
44445      | 44445               | 96669             
44455      | 44455               | 96670             
44459      | 44459               | 96671             
44463      | 44463               | 96672             
44467      | 44467               | 96673             
44469      | 44469               | 96674             
44472      | 44472               | 96675             
44475      | 44475               | 96676             
44484      | 44484               | 96677             
44487      | 44487               | 96678             
44488      | 44488               | 96679             
4449       | 4449                | 96680             
44492      | 44492               | 96681             
44496      | 44496               | 96682             
44499      | 44499               | 96683             
44504      | 44504               | 96684             
44514      | 44514               | 96685             
44518      | 44518               | 96686             
44527      | 44527               | 96687             
44531      | 44531               | 96688             
44532      | 44532               | 96689             
44533      | 44533               | 96690             
44538      | 44538               | 96691             
44539      | 44539               | 96692             
4454       | 4454                | 96693             
44541      | 44541               | 96694             
44544      | 44544               | 96695             
4455       | 4455                | 96696             
44551      | 44551               | 96697             
44553      | 44553               | 96698             
44556      | 44556               | 96699             
44558      | 44558               | 96700             
4456       | 4456                | 96701             
44561      | 44561               | 96702             
44564      | 44564               | 96703             
44565      | 44565               | 96704             
44568      | 44568               | 96705             
44574      | 44574               | 96706             
44576      | 44576               | 96707             
44577      | 44577               | 96708             
44582      | 44582               | 96709             
44583      | 44583               | 96710             
44584      | 44584               | 96711             
44585      | 44585               | 96712             
44592      | 44592               | 96713             
44594      | 44594               | 96714             
44596      | 44596               | 96715             
44597      | 44597               | 96716             
44606      | 44606               | 96717             
44607      | 44607               | 96718             
44614      | 44614               | 96719             
44616      | 44616               | 96720             
44622      | 44622               | 96721             
44628      | 44628               | 96722             
44632      | 44632               | 96723             
44642      | 44642               | 96724             
44646      | 44646               | 96725             
44647      | 44647               | 96726             
44652      | 44652               | 96727             
44653      | 44653               | 96728             
44659      | 44659               | 96729             
44662      | 44662               | 96730             
44666      | 44666               | 96731             
4467       | 4467                | 96732             
44676      | 44676               | 96733             
4468       | 4468                | 96734             
44681      | 44681               | 96735             
44683      | 44683               | 96736             
44684      | 44684               | 96737             
44687      | 44687               | 96738             
44690      | 44690               | 96739             
44691      | 44691               | 96740             
44695      | 44695               | 96741             
44698      | 44698               | 96742             
44701      | 44701               | 96743             
44707      | 44707               | 96744             
44708      | 44708               | 96745             
4471       | 4471                | 96746             
44711      | 44711               | 96747             
44712      | 44712               | 96748             
44713      | 44713               | 96749             
44716      | 44716               | 96750             
44718      | 44718               | 96751             
44719      | 44719               | 96752             
44721      | 44721               | 96753             
44722      | 44722               | 96754             
44726      | 44726               | 96755             
44727      | 44727               | 96756             
44728      | 44728               | 96757             
44732      | 44732               | 96758             
44734      | 44734               | 96759             
44742      | 44742               | 96760             
44744      | 44744               | 96761             
44746      | 44746               | 96762             
44748      | 44748               | 96763             
4475       | 4475                | 96764             
44756      | 44756               | 96765             
44763      | 44763               | 96766             
44771      | 44771               | 96767             
44788      | 44788               | 96768             
44789      | 44789               | 96769             
44790      | 44790               | 96770             
4480       | 4480                | 96771             
44808      | 44808               | 96772             
44809      | 44809               | 96773             
44811      | 44811               | 96774             
44812      | 44812               | 96775             
44813      | 44813               | 96776             
44816      | 44816               | 96777             
44817      | 44817               | 96778             
44821      | 44821               | 96779             
44822      | 44822               | 96780             
44823      | 44823               | 96781             
44829      | 44829               | 96782             
44832      | 44832               | 96783             
44833      | 44833               | 96784             
44834      | 44834               | 96785             
44836      | 44836               | 96786             
4484       | 4484                | 96787             
44845      | 44845               | 96788             
44849      | 44849               | 96789             
4486       | 4486                | 96790             
44860      | 44860               | 96791             
44862      | 44862               | 96792             
44872      | 44872               | 96793             
44876      | 44876               | 96794             
44880      | 44880               | 96795             
44888      | 44888               | 96796             
4489       | 4489                | 96797             
44890      | 44890               | 96798             
44894      | 44894               | 96799             
44896      | 44896               | 96800             
44900      | 44900               | 96801             
44901      | 44901               | 96802             
44903      | 44903               | 96803             
44905      | 44905               | 96804             
4491       | 4491                | 96805             
44917      | 44917               | 96806             
44920      | 44920               | 96807             
44924      | 44924               | 96808             
44935      | 44935               | 96809             
44939      | 44939               | 96810             
44941      | 44941               | 96811             
44942      | 44942               | 96812             
44944      | 44944               | 96813             
44945      | 44945               | 96814             
44947      | 44947               | 96815             
44953      | 44953               | 96816             
44956      | 44956               | 96817             
4496       | 4496                | 96818             
44962      | 44962               | 96819             
44965      | 44965               | 96820             
44969      | 44969               | 96821             
44970      | 44970               | 96822             
44971      | 44971               | 96823             
44972      | 44972               | 96824             
44975      | 44975               | 96825             
44976      | 44976               | 96826             
44978      | 44978               | 96827             
44981      | 44981               | 96828             
44983      | 44983               | 96829             
44987      | 44987               | 96830             
44988      | 44988               | 96831             
44995      | 44995               | 96832             
45001      | 45001               | 96833             
45002      | 45002               | 96834             
45003      | 45003               | 96835             
45010      | 45010               | 96836             
45026      | 45026               | 96837             
45027      | 45027               | 96838             
45028      | 45028               | 96839             
4503       | 4503                | 96840             
45032      | 45032               | 96841             
45035      | 45035               | 96842             
45036      | 45036               | 96843             
45039      | 45039               | 96844             
4504       | 4504                | 96845             
45040      | 45040               | 96846             
45047      | 45047               | 96847             
45052      | 45052               | 96848             
4506       | 4506                | 96849             
45071      | 45071               | 96850             
45075      | 45075               | 96851             
45076      | 45076               | 96852             
45085      | 45085               | 96853             
45088      | 45088               | 96854             
45089      | 45089               | 96855             
45093      | 45093               | 96856             
45103      | 45103               | 96857             
45105      | 45105               | 96858             
45109      | 45109               | 96859             
4511       | 4511                | 96860             
45111      | 45111               | 96861             
45112      | 45112               | 96862             
45118      | 45118               | 96863             
4512       | 4512                | 96864             
45121      | 45121               | 96865             
45132      | 45132               | 96866             
45135      | 45135               | 96867             
45139      | 45139               | 96868             
45147      | 45147               | 96869             
45148      | 45148               | 96870             
45156      | 45156               | 96871             
45161      | 45161               | 96872             
45164      | 45164               | 96873             
45165      | 45165               | 96874             
45169      | 45169               | 96875             
4517       | 4517                | 96876             
45172      | 45172               | 96877             
45174      | 45174               | 96878             
45178      | 45178               | 96879             
45181      | 45181               | 96880             
45187      | 45187               | 96881             
4519       | 4519                | 96882             
45191      | 45191               | 96883             
45195      | 45195               | 96884             
4520       | 4520                | 96885             
45200      | 45200               | 96886             
45205      | 45205               | 96887             
45208      | 45208               | 96888             
4521       | 4521                | 96889             
45212      | 45212               | 96890             
45218      | 45218               | 96891             
45220      | 45220               | 96892             
45224      | 45224               | 96893             
45228      | 45228               | 96894             
45229      | 45229               | 96895             
45230      | 45230               | 96896             
45231      | 45231               | 96897             
45232      | 45232               | 96898             
45235      | 45235               | 96899             
45237      | 45237               | 96900             
45244      | 45244               | 96901             
45247      | 45247               | 96902             
45248      | 45248               | 96903             
45253      | 45253               | 96904             
45255      | 45255               | 96905             
45257      | 45257               | 96906             
45261      | 45261               | 96907             
45269      | 45269               | 96908             
4527       | 4527                | 96909             
45270      | 45270               | 96910             
45273      | 45273               | 96911             
4528       | 4528                | 96912             
45281      | 45281               | 96913             
45284      | 45284               | 96914             
45289      | 45289               | 96915             
4529       | 4529                | 96916             
45293      | 45293               | 96917             
4530       | 4530                | 96918             
45301      | 45301               | 96919             
45304      | 45304               | 96920             
45310      | 45310               | 96921             
45312      | 45312               | 96922             
45315      | 45315               | 96923             
45325      | 45325               | 96924             
45330      | 45330               | 96925             
45332      | 45332               | 96926             
45334      | 45334               | 96927             
45337      | 45337               | 96928             
45339      | 45339               | 96929             
45343      | 45343               | 96930             
45345      | 45345               | 96931             
45350      | 45350               | 96932             
45356      | 45356               | 96933             
45357      | 45357               | 96934             
45362      | 45362               | 96935             
45368      | 45368               | 96936             
45371      | 45371               | 96937             
45377      | 45377               | 96938             
45378      | 45378               | 96939             
45383      | 45383               | 96940             
45384      | 45384               | 96941             
45394      | 45394               | 96942             
45395      | 45395               | 96943             
45396      | 45396               | 96944             
45398      | 45398               | 96945             
45402      | 45402               | 96946             
45408      | 45408               | 96947             
45409      | 45409               | 96948             
45410      | 45410               | 96949             
45415      | 45415               | 96950             
45416      | 45416               | 96951             
45417      | 45417               | 96952             
45418      | 45418               | 96953             
45431      | 45431               | 96954             
45432      | 45432               | 96955             
45437      | 45437               | 96956             
45445      | 45445               | 96957             
45448      | 45448               | 96958             
45461      | 45461               | 96959             
45465      | 45465               | 96960             
45467      | 45467               | 96961             
45470      | 45470               | 96962             
45473      | 45473               | 96963             
45475      | 45475               | 96964             
45478      | 45478               | 96965             
45483      | 45483               | 96966             
45486      | 45486               | 96967             
45489      | 45489               | 96968             
45490      | 45490               | 96969             
45495      | 45495               | 96970             
45496      | 45496               | 96971             
4550       | 4550                | 96972             
45503      | 45503               | 96973             
45504      | 45504               | 96974             
45508      | 45508               | 96975             
45512      | 45512               | 96976             
45522      | 45522               | 96977             
45527      | 45527               | 96978             
45530      | 45530               | 96979             
45534      | 45534               | 96980             
45538      | 45538               | 96981             
45544      | 45544               | 96982             
45550      | 45550               | 96983             
45553      | 45553               | 96984             
45560      | 45560               | 96985             
45572      | 45572               | 96986             
45574      | 45574               | 96987             
45575      | 45575               | 96988             
45576      | 45576               | 96989             
45579      | 45579               | 96990             
45581      | 45581               | 96991             
45582      | 45582               | 96992             
45583      | 45583               | 96993             
45587      | 45587               | 96994             
45589      | 45589               | 96995             
45603      | 45603               | 96996             
45604      | 45604               | 96997             
45608      | 45608               | 96998             
45612      | 45612               | 96999             
45613      | 45613               | 97000             
45618      | 45618               | 97001             
45621      | 45621               | 97002             
45622      | 45622               | 97003             
45625      | 45625               | 97004             
45630      | 45630               | 97005             
45643      | 45643               | 97006             
45644      | 45644               | 97007             
45645      | 45645               | 97008             
4565       | 4565                | 97009             
45661      | 45661               | 97010             
45663      | 45663               | 97011             
4567       | 4567                | 97012             
45672      | 45672               | 97013             
45673      | 45673               | 97014             
45676      | 45676               | 97015             
45677      | 45677               | 97016             
45683      | 45683               | 97017             
45692      | 45692               | 97018             
45694      | 45694               | 97019             
45695      | 45695               | 97020             
45697      | 45697               | 97021             
45699      | 45699               | 97022             
45701      | 45701               | 97023             
45712      | 45712               | 97024             
45714      | 45714               | 97025             
45717      | 45717               | 97026             
45718      | 45718               | 97027             
45719      | 45719               | 97028             
4572       | 4572                | 97029             
45721      | 45721               | 97030             
45725      | 45725               | 97031             
45726      | 45726               | 97032             
45730      | 45730               | 97033             
4574       | 4574                | 97034             
45749      | 45749               | 97035             
45750      | 45750               | 97036             
45752      | 45752               | 97037             
45753      | 45753               | 97038             
45757      | 45757               | 97039             
45758      | 45758               | 97040             
45763      | 45763               | 97041             
45766      | 45766               | 97042             
45767      | 45767               | 97043             
45779      | 45779               | 97044             
45781      | 45781               | 97045             
45783      | 45783               | 97046             
45787      | 45787               | 97047             
45788      | 45788               | 97048             
45793      | 45793               | 97049             
45813      | 45813               | 97050             
45826      | 45826               | 97051             
45830      | 45830               | 97052             
45836      | 45836               | 97053             
45838      | 45838               | 97054             
4584       | 4584                | 97055             
45840      | 45840               | 97056             
45842      | 45842               | 97057             
45857      | 45857               | 97058             
45861      | 45861               | 97059             
45863      | 45863               | 97060             
45865      | 45865               | 97061             
4589       | 4589                | 97062             
45896      | 45896               | 97063             
45906      | 45906               | 97064             
4591       | 4591                | 97065             
45911      | 45911               | 97066             
45916      | 45916               | 97067             
45920      | 45920               | 97068             
45924      | 45924               | 97069             
45925      | 45925               | 97070             
45926      | 45926               | 97071             
45933      | 45933               | 97072             
45934      | 45934               | 97073             
45935      | 45935               | 97074             
45936      | 45936               | 97075             
45938      | 45938               | 97076             
45940      | 45940               | 97077             
45948      | 45948               | 97078             
45954      | 45954               | 97079             
45956      | 45956               | 97080             
45959      | 45959               | 97081             
4596       | 4596                | 97082             
45960      | 45960               | 97083             
45964      | 45964               | 97084             
45975      | 45975               | 97085             
45980      | 45980               | 97086             
45981      | 45981               | 97087             
45983      | 45983               | 97088             
45986      | 45986               | 97089             
45987      | 45987               | 97090             
45988      | 45988               | 97091             
45992      | 45992               | 97092             
45993      | 45993               | 97093             
45994      | 45994               | 97094             
45999      | 45999               | 97095             
460        | 460                 | 97096             
46002      | 46002               | 97097             
46005      | 46005               | 97098             
46006      | 46006               | 97099             
46009      | 46009               | 97100             
4601       | 4601                | 97101             
46011      | 46011               | 97102             
46016      | 46016               | 97103             
46018      | 46018               | 97104             
46026      | 46026               | 97105             
46033      | 46033               | 97106             
46036      | 46036               | 97107             
46037      | 46037               | 97108             
4604       | 4604                | 97109             
46042      | 46042               | 97110             
46045      | 46045               | 97111             
46049      | 46049               | 97112             
46051      | 46051               | 97113             
4607       | 4607                | 97114             
46084      | 46084               | 97115             
46088      | 46088               | 97116             
46090      | 46090               | 97117             
46094      | 46094               | 97118             
46100      | 46100               | 97119             
46102      | 46102               | 97120             
4611       | 4611                | 97121             
46112      | 46112               | 97122             
46116      | 46116               | 97123             
46121      | 46121               | 97124             
46125      | 46125               | 97125             
4613       | 4613                | 97126             
46134      | 46134               | 97127             
46135      | 46135               | 97128             
46137      | 46137               | 97129             
46140      | 46140               | 97130             
46142      | 46142               | 97131             
46147      | 46147               | 97132             
46148      | 46148               | 97133             
46153      | 46153               | 97134             
4616       | 4616                | 97135             
46160      | 46160               | 97136             
46164      | 46164               | 97137             
46165      | 46165               | 97138             
46166      | 46166               | 97139             
46168      | 46168               | 97140             
4617       | 4617                | 97141             
46170      | 46170               | 97142             
46171      | 46171               | 97143             
46172      | 46172               | 97144             
46173      | 46173               | 97145             
4618       | 4618                | 97146             
46181      | 46181               | 97147             
46189      | 46189               | 97148             
46190      | 46190               | 97149             
46200      | 46200               | 97150             
46202      | 46202               | 97151             
46204      | 46204               | 97152             
46207      | 46207               | 97153             
46210      | 46210               | 97154             
46212      | 46212               | 97155             
46213      | 46213               | 97156             
46214      | 46214               | 97157             
46221      | 46221               | 97158             
46226      | 46226               | 97159             
46228      | 46228               | 97160             
4623       | 4623                | 97161             
46236      | 46236               | 97162             
46240      | 46240               | 97163             
46241      | 46241               | 97164             
46263      | 46263               | 97165             
46265      | 46265               | 97166             
46269      | 46269               | 97167             
46271      | 46271               | 97168             
46274      | 46274               | 97169             
46277      | 46277               | 97170             
46278      | 46278               | 97171             
46288      | 46288               | 97172             
46290      | 46290               | 97173             
46293      | 46293               | 97174             
46303      | 46303               | 97175             
46307      | 46307               | 97176             
46309      | 46309               | 97177             
46312      | 46312               | 97178             
46314      | 46314               | 97179             
46320      | 46320               | 97180             
46323      | 46323               | 97181             
46328      | 46328               | 97182             
46334      | 46334               | 97183             
46339      | 46339               | 97184             
46350      | 46350               | 97185             
46351      | 46351               | 97186             
46353      | 46353               | 97187             
46354      | 46354               | 97188             
46355      | 46355               | 97189             
46357      | 46357               | 97190             
46360      | 46360               | 97191             
46365      | 46365               | 97192             
46367      | 46367               | 97193             
46386      | 46386               | 97194             
46388      | 46388               | 97195             
4639       | 4639                | 97196             
46390      | 46390               | 97197             
46395      | 46395               | 97198             
46396      | 46396               | 97199             
464        | 464                 | 97200             
46409      | 46409               | 97201             
46414      | 46414               | 97202             
46420      | 46420               | 97203             
46421      | 46421               | 97204             
46425      | 46425               | 97205             
46429      | 46429               | 97206             
46430      | 46430               | 97207             
46432      | 46432               | 97208             
46434      | 46434               | 97209             
46436      | 46436               | 97210             
46437      | 46437               | 97211             
46444      | 46444               | 97212             
46449      | 46449               | 97213             
46453      | 46453               | 97214             
4646       | 4646                | 97215             
46464      | 46464               | 97216             
46465      | 46465               | 97217             
46467      | 46467               | 97218             
46470      | 46470               | 97219             
46479      | 46479               | 97220             
46481      | 46481               | 97221             
46482      | 46482               | 97222             
46491      | 46491               | 97223             
46492      | 46492               | 97224             
46493      | 46493               | 97225             
46494      | 46494               | 97226             
46496      | 46496               | 97227             
46497      | 46497               | 97228             
46499      | 46499               | 97229             
46503      | 46503               | 97230             
46504      | 46504               | 97231             
46505      | 46505               | 97232             
46507      | 46507               | 97233             
46508      | 46508               | 97234             
46514      | 46514               | 97235             
46517      | 46517               | 97236             
46518      | 46518               | 97237             
46521      | 46521               | 97238             
46522      | 46522               | 97239             
46526      | 46526               | 97240             
46530      | 46530               | 97241             
46534      | 46534               | 97242             
46535      | 46535               | 97243             
46539      | 46539               | 97244             
46542      | 46542               | 97245             
46546      | 46546               | 97246             
46547      | 46547               | 97247             
46558      | 46558               | 97248             
46559      | 46559               | 97249             
4656       | 4656                | 97250             
46561      | 46561               | 97251             
46563      | 46563               | 97252             
46566      | 46566               | 97253             
46567      | 46567               | 97254             
46570      | 46570               | 97255             
46572      | 46572               | 97256             
46573      | 46573               | 97257             
46575      | 46575               | 97258             
46580      | 46580               | 97259             
46584      | 46584               | 97260             
46587      | 46587               | 97261             
46594      | 46594               | 97262             
4660       | 4660                | 97263             
46600      | 46600               | 97264             
46607      | 46607               | 97265             
46608      | 46608               | 97266             
46615      | 46615               | 97267             
4662       | 4662                | 97268             
46625      | 46625               | 97269             
4663       | 4663                | 97270             
46638      | 46638               | 97271             
46639      | 46639               | 97272             
4664       | 4664                | 97273             
46640      | 46640               | 97274             
46641      | 46641               | 97275             
46645      | 46645               | 97276             
4665       | 4665                | 97277             
46652      | 46652               | 97278             
46653      | 46653               | 97279             
46656      | 46656               | 97280             
46658      | 46658               | 97281             
46659      | 46659               | 97282             
46665      | 46665               | 97283             
46666      | 46666               | 97284             
46667      | 46667               | 97285             
46668      | 46668               | 97286             
46671      | 46671               | 97287             
46673      | 46673               | 97288             
46674      | 46674               | 97289             
46677      | 46677               | 97290             
4668       | 4668                | 97291             
46682      | 46682               | 97292             
46685      | 46685               | 97293             
4669       | 4669                | 97294             
46692      | 46692               | 97295             
46693      | 46693               | 97296             
46697      | 46697               | 97297             
46700      | 46700               | 97298             
46701      | 46701               | 97299             
46702      | 46702               | 97300             
46703      | 46703               | 97301             
46704      | 46704               | 97302             
46708      | 46708               | 97303             
46710      | 46710               | 97304             
46714      | 46714               | 97305             
46717      | 46717               | 97306             
46720      | 46720               | 97307             
4673       | 4673                | 97308             
46734      | 46734               | 97309             
46743      | 46743               | 97310             
46746      | 46746               | 97311             
46748      | 46748               | 97312             
46754      | 46754               | 97313             
46755      | 46755               | 97314             
46765      | 46765               | 97315             
46766      | 46766               | 97316             
46778      | 46778               | 97317             
46780      | 46780               | 97318             
46783      | 46783               | 97319             
46787      | 46787               | 97320             
4679       | 4679                | 97321             
46790      | 46790               | 97322             
46792      | 46792               | 97323             
46795      | 46795               | 97324             
46796      | 46796               | 97325             
46808      | 46808               | 97326             
4681       | 4681                | 97327             
46810      | 46810               | 97328             
46812      | 46812               | 97329             
46814      | 46814               | 97330             
4682       | 4682                | 97331             
46825      | 46825               | 97332             
46830      | 46830               | 97333             
46836      | 46836               | 97334             
46844      | 46844               | 97335             
46846      | 46846               | 97336             
46848      | 46848               | 97337             
4685       | 4685                | 97338             
46869      | 46869               | 97339             
46870      | 46870               | 97340             
46874      | 46874               | 97341             
46881      | 46881               | 97342             
46883      | 46883               | 97343             
46889      | 46889               | 97344             
46893      | 46893               | 97345             
46894      | 46894               | 97346             
46895      | 46895               | 97347             
46896      | 46896               | 97348             
469        | 469                 | 97349             
46901      | 46901               | 97350             
46904      | 46904               | 97351             
46906      | 46906               | 97352             
46907      | 46907               | 97353             
46915      | 46915               | 97354             
46927      | 46927               | 97355             
46938      | 46938               | 97356             
46940      | 46940               | 97357             
46943      | 46943               | 97358             
46945      | 46945               | 97359             
46948      | 46948               | 97360             
46949      | 46949               | 97361             
46953      | 46953               | 97362             
46958      | 46958               | 97363             
46962      | 46962               | 97364             
46964      | 46964               | 97365             
46967      | 46967               | 97366             
46972      | 46972               | 97367             
46979      | 46979               | 97368             
46981      | 46981               | 97369             
46982      | 46982               | 97370             
46987      | 46987               | 97371             
46992      | 46992               | 97372             
46994      | 46994               | 97373             
46996      | 46996               | 97374             
47002      | 47002               | 97375             
47006      | 47006               | 97376             
4701       | 4701                | 97377             
47011      | 47011               | 97378             
47015      | 47015               | 97379             
47016      | 47016               | 97380             
47017      | 47017               | 97381             
47026      | 47026               | 97382             
47030      | 47030               | 97383             
47032      | 47032               | 97384             
47040      | 47040               | 97385             
47043      | 47043               | 97386             
47048      | 47048               | 97387             
47058      | 47058               | 97388             
47059      | 47059               | 97389             
47068      | 47068               | 97390             
47069      | 47069               | 97391             
47077      | 47077               | 97392             
4708       | 4708                | 97393             
47092      | 47092               | 97394             
47094      | 47094               | 97395             
47099      | 47099               | 97396             
47107      | 47107               | 97397             
47109      | 47109               | 97398             
4711       | 4711                | 97399             
47110      | 47110               | 97400             
47113      | 47113               | 97401             
47118      | 47118               | 97402             
4712       | 4712                | 97403             
47126      | 47126               | 97404             
47132      | 47132               | 97405             
47133      | 47133               | 97406             
47135      | 47135               | 97407             
47136      | 47136               | 97408             
47139      | 47139               | 97409             
47145      | 47145               | 97410             
47148      | 47148               | 97411             
47150      | 47150               | 97412             
47152      | 47152               | 97413             
47154      | 47154               | 97414             
47164      | 47164               | 97415             
47170      | 47170               | 97416             
47178      | 47178               | 97417             
47179      | 47179               | 97418             
47183      | 47183               | 97419             
47185      | 47185               | 97420             
47189      | 47189               | 97421             
47191      | 47191               | 97422             
47192      | 47192               | 97423             
47195      | 47195               | 97424             
47196      | 47196               | 97425             
47197      | 47197               | 97426             
47198      | 47198               | 97427             
47200      | 47200               | 97428             
47201      | 47201               | 97429             
47203      | 47203               | 97430             
47206      | 47206               | 97431             
47207      | 47207               | 97432             
4721       | 4721                | 97433             
47213      | 47213               | 97434             
47214      | 47214               | 97435             
47215      | 47215               | 97436             
47217      | 47217               | 97437             
47229      | 47229               | 97438             
4723       | 4723                | 97439             
47233      | 47233               | 97440             
47234      | 47234               | 97441             
47235      | 47235               | 97442             
47245      | 47245               | 97443             
47246      | 47246               | 97444             
47247      | 47247               | 97445             
47255      | 47255               | 97446             
47265      | 47265               | 97447             
47268      | 47268               | 97448             
47270      | 47270               | 97449             
47274      | 47274               | 97450             
47276      | 47276               | 97451             
47279      | 47279               | 97452             
47283      | 47283               | 97453             
47284      | 47284               | 97454             
47290      | 47290               | 97455             
47298      | 47298               | 97456             
473        | 473                 | 97457             
47303      | 47303               | 97458             
47304      | 47304               | 97459             
47315      | 47315               | 97460             
47317      | 47317               | 97461             
47319      | 47319               | 97462             
47321      | 47321               | 97463             
47323      | 47323               | 97464             
4733       | 4733                | 97465             
47330      | 47330               | 97466             
47335      | 47335               | 97467             
47338      | 47338               | 97468             
4734       | 4734                | 97469             
47341      | 47341               | 97470             
47343      | 47343               | 97471             
47344      | 47344               | 97472             
47347      | 47347               | 97473             
4735       | 4735                | 97474             
47361      | 47361               | 97475             
47362      | 47362               | 97476             
47363      | 47363               | 97477             
47382      | 47382               | 97478             
47384      | 47384               | 97479             
47386      | 47386               | 97480             
47391      | 47391               | 97481             
47393      | 47393               | 97482             
47395      | 47395               | 97483             
47396      | 47396               | 97484             
47398      | 47398               | 97485             
47400      | 47400               | 97486             
47402      | 47402               | 97487             
47407      | 47407               | 97488             
47418      | 47418               | 97489             
47419      | 47419               | 97490             
47422      | 47422               | 97491             
47425      | 47425               | 97492             
47431      | 47431               | 97493             
47434      | 47434               | 97494             
47437      | 47437               | 97495             
47440      | 47440               | 97496             
47441      | 47441               | 97497             
47442      | 47442               | 97498             
47450      | 47450               | 97499             
47455      | 47455               | 97500             
47459      | 47459               | 97501             
4746       | 4746                | 97502             
47464      | 47464               | 97503             
47466      | 47466               | 97504             
47469      | 47469               | 97505             
47470      | 47470               | 97506             
47472      | 47472               | 97507             
47478      | 47478               | 97508             
4748       | 4748                | 97509             
47480      | 47480               | 97510             
47489      | 47489               | 97511             
47490      | 47490               | 97512             
47491      | 47491               | 97513             
47493      | 47493               | 97514             
47495      | 47495               | 97515             
47500      | 47500               | 97516             
47503      | 47503               | 97517             
47524      | 47524               | 97518             
4753       | 4753                | 97519             
47531      | 47531               | 97520             
47532      | 47532               | 97521             
47533      | 47533               | 97522             
47535      | 47535               | 97523             
47536      | 47536               | 97524             
47538      | 47538               | 97525             
47539      | 47539               | 97526             
4754       | 4754                | 97527             
47542      | 47542               | 97528             
47543      | 47543               | 97529             
47545      | 47545               | 97530             
47548      | 47548               | 97531             
47549      | 47549               | 97532             
47575      | 47575               | 97533             
47576      | 47576               | 97534             
47579      | 47579               | 97535             
47581      | 47581               | 97536             
47585      | 47585               | 97537             
4759       | 4759                | 97538             
476        | 476                 | 97539             
47605      | 47605               | 97540             
47606      | 47606               | 97541             
47612      | 47612               | 97542             
47616      | 47616               | 97543             
47618      | 47618               | 97544             
4762       | 4762                | 97545             
47625      | 47625               | 97546             
47630      | 47630               | 97547             
47637      | 47637               | 97548             
47638      | 47638               | 97549             
47643      | 47643               | 97550             
47644      | 47644               | 97551             
47652      | 47652               | 97552             
47654      | 47654               | 97553             
4766       | 4766                | 97554             
47672      | 47672               | 97555             
47673      | 47673               | 97556             
4768       | 4768                | 97557             
47685      | 47685               | 97558             
47688      | 47688               | 97559             
47692      | 47692               | 97560             
47696      | 47696               | 97561             
47697      | 47697               | 97562             
47709      | 47709               | 97563             
4771       | 4771                | 97564             
47710      | 47710               | 97565             
47711      | 47711               | 97566             
47714      | 47714               | 97567             
47719      | 47719               | 97568             
47721      | 47721               | 97569             
47722      | 47722               | 97570             
47723      | 47723               | 97571             
47724      | 47724               | 97572             
4773       | 4773                | 97573             
47735      | 47735               | 97574             
47740      | 47740               | 97575             
47741      | 47741               | 97576             
47761      | 47761               | 97577             
4777       | 4777                | 97578             
47770      | 47770               | 97579             
47772      | 47772               | 97580             
47773      | 47773               | 97581             
47775      | 47775               | 97582             
47781      | 47781               | 97583             
47783      | 47783               | 97584             
47789      | 47789               | 97585             
47792      | 47792               | 97586             
47793      | 47793               | 97587             
47796      | 47796               | 97588             
47798      | 47798               | 97589             
478        | 478                 | 97590             
47805      | 47805               | 97591             
47806      | 47806               | 97592             
47817      | 47817               | 97593             
47823      | 47823               | 97594             
47825      | 47825               | 97595             
47828      | 47828               | 97596             
47830      | 47830               | 97597             
4784       | 4784                | 97598             
47853      | 47853               | 97599             
47854      | 47854               | 97600             
4786       | 4786                | 97601             
47863      | 47863               | 97602             
47869      | 47869               | 97603             
47870      | 47870               | 97604             
47874      | 47874               | 97605             
47876      | 47876               | 97606             
47879      | 47879               | 97607             
47881      | 47881               | 97608             
47882      | 47882               | 97609             
47884      | 47884               | 97610             
47885      | 47885               | 97611             
47889      | 47889               | 97612             
47893      | 47893               | 97613             
47898      | 47898               | 97614             
4790       | 4790                | 97615             
47902      | 47902               | 97616             
47904      | 47904               | 97617             
47905      | 47905               | 97618             
47914      | 47914               | 97619             
4792       | 4792                | 97620             
47920      | 47920               | 97621             
47927      | 47927               | 97622             
47930      | 47930               | 97623             
47931      | 47931               | 97624             
4794       | 4794                | 97625             
47944      | 47944               | 97626             
47949      | 47949               | 97627             
47953      | 47953               | 97628             
47955      | 47955               | 97629             
47956      | 47956               | 97630             
47959      | 47959               | 97631             
4796       | 4796                | 97632             
47965      | 47965               | 97633             
47966      | 47966               | 97634             
47969      | 47969               | 97635             
47973      | 47973               | 97636             
47975      | 47975               | 97637             
47982      | 47982               | 97638             
47988      | 47988               | 97639             
47990      | 47990               | 97640             
47993      | 47993               | 97641             
48         | 48                  | 97642             
48002      | 48002               | 97643             
48004      | 48004               | 97644             
48010      | 48010               | 97645             
48012      | 48012               | 97646             
48020      | 48020               | 97647             
48025      | 48025               | 97648             
48028      | 48028               | 97649             
48029      | 48029               | 97650             
48031      | 48031               | 97651             
48034      | 48034               | 97652             
48035      | 48035               | 97653             
4804       | 4804                | 97654             
48041      | 48041               | 97655             
48043      | 48043               | 97656             
48044      | 48044               | 97657             
48045      | 48045               | 97658             
48046      | 48046               | 97659             
48048      | 48048               | 97660             
48049      | 48049               | 97661             
4805       | 4805                | 97662             
48055      | 48055               | 97663             
48059      | 48059               | 97664             
4806       | 4806                | 97665             
48063      | 48063               | 97666             
48065      | 48065               | 97667             
48066      | 48066               | 97668             
48067      | 48067               | 97669             
48068      | 48068               | 97670             
48069      | 48069               | 97671             
4807       | 4807                | 97672             
48078      | 48078               | 97673             
48080      | 48080               | 97674             
48082      | 48082               | 97675             
48085      | 48085               | 97676             
48088      | 48088               | 97677             
48089      | 48089               | 97678             
4809       | 4809                | 97679             
48090      | 48090               | 97680             
48091      | 48091               | 97681             
48097      | 48097               | 97682             
48104      | 48104               | 97683             
48109      | 48109               | 97684             
48116      | 48116               | 97685             
48119      | 48119               | 97686             
48122      | 48122               | 97687             
48123      | 48123               | 97688             
4813       | 4813                | 97689             
48132      | 48132               | 97690             
48133      | 48133               | 97691             
48136      | 48136               | 97692             
48138      | 48138               | 97693             
48145      | 48145               | 97694             
48147      | 48147               | 97695             
4815       | 4815                | 97696             
48150      | 48150               | 97697             
48151      | 48151               | 97698             
48162      | 48162               | 97699             
4817       | 4817                | 97700             
48170      | 48170               | 97701             
48171      | 48171               | 97702             
48173      | 48173               | 97703             
48174      | 48174               | 97704             
48185      | 48185               | 97705             
48191      | 48191               | 97706             
48201      | 48201               | 97707             
48202      | 48202               | 97708             
4822       | 4822                | 97709             
48227      | 48227               | 97710             
4823       | 4823                | 97711             
48230      | 48230               | 97712             
48236      | 48236               | 97713             
48237      | 48237               | 97714             
4824       | 4824                | 97715             
48241      | 48241               | 97716             
48245      | 48245               | 97717             
48247      | 48247               | 97718             
4825       | 4825                | 97719             
48250      | 48250               | 97720             
48256      | 48256               | 97721             
4826       | 4826                | 97722             
48260      | 48260               | 97723             
48267      | 48267               | 97724             
48269      | 48269               | 97725             
48275      | 48275               | 97726             
48278      | 48278               | 97727             
48281      | 48281               | 97728             
48284      | 48284               | 97729             
48285      | 48285               | 97730             
48287      | 48287               | 97731             
48290      | 48290               | 97732             
48291      | 48291               | 97733             
48294      | 48294               | 97734             
48296      | 48296               | 97735             
483        | 483                 | 97736             
48303      | 48303               | 97737             
48307      | 48307               | 97738             
4831       | 4831                | 97739             
48311      | 48311               | 97740             
48313      | 48313               | 97741             
48316      | 48316               | 97742             
4832       | 4832                | 97743             
48324      | 48324               | 97744             
48325      | 48325               | 97745             
48326      | 48326               | 97746             
48327      | 48327               | 97747             
48333      | 48333               | 97748             
48334      | 48334               | 97749             
48336      | 48336               | 97750             
48337      | 48337               | 97751             
48338      | 48338               | 97752             
48340      | 48340               | 97753             
48341      | 48341               | 97754             
48343      | 48343               | 97755             
48345      | 48345               | 97756             
48347      | 48347               | 97757             
48348      | 48348               | 97758             
48349      | 48349               | 97759             
4835       | 4835                | 97760             
48351      | 48351               | 97761             
48353      | 48353               | 97762             
48356      | 48356               | 97763             
48358      | 48358               | 97764             
48359      | 48359               | 97765             
48360      | 48360               | 97766             
48361      | 48361               | 97767             
48364      | 48364               | 97768             
48368      | 48368               | 97769             
48370      | 48370               | 97770             
48373      | 48373               | 97771             
48382      | 48382               | 97772             
48383      | 48383               | 97773             
48385      | 48385               | 97774             
48395      | 48395               | 97775             
48396      | 48396               | 97776             
48402      | 48402               | 97777             
48403      | 48403               | 97778             
48404      | 48404               | 97779             
48405      | 48405               | 97780             
48418      | 48418               | 97781             
48427      | 48427               | 97782             
48429      | 48429               | 97783             
48431      | 48431               | 97784             
48433      | 48433               | 97785             
48434      | 48434               | 97786             
4844       | 4844                | 97787             
48450      | 48450               | 97788             
48451      | 48451               | 97789             
48454      | 48454               | 97790             
4846       | 4846                | 97791             
48461      | 48461               | 97792             
48462      | 48462               | 97793             
48464      | 48464               | 97794             
48465      | 48465               | 97795             
48466      | 48466               | 97796             
48468      | 48468               | 97797             
48475      | 48475               | 97798             
48493      | 48493               | 97799             
48498      | 48498               | 97800             
48518      | 48518               | 97801             
48520      | 48520               | 97802             
48526      | 48526               | 97803             
48527      | 48527               | 97804             
48530      | 48530               | 97805             
48537      | 48537               | 97806             
48538      | 48538               | 97807             
48542      | 48542               | 97808             
48547      | 48547               | 97809             
48551      | 48551               | 97810             
48556      | 48556               | 97811             
48560      | 48560               | 97812             
48561      | 48561               | 97813             
48562      | 48562               | 97814             
48563      | 48563               | 97815             
48568      | 48568               | 97816             
4857       | 4857                | 97817             
48572      | 48572               | 97818             
48573      | 48573               | 97819             
48581      | 48581               | 97820             
48585      | 48585               | 97821             
48588      | 48588               | 97822             
48605      | 48605               | 97823             
48610      | 48610               | 97824             
48611      | 48611               | 97825             
48613      | 48613               | 97826             
48623      | 48623               | 97827             
48631      | 48631               | 97828             
48632      | 48632               | 97829             
4864       | 4864                | 97830             
48644      | 48644               | 97831             
48646      | 48646               | 97832             
48653      | 48653               | 97833             
48656      | 48656               | 97834             
48665      | 48665               | 97835             
48668      | 48668               | 97836             
48669      | 48669               | 97837             
4867       | 4867                | 97838             
48670      | 48670               | 97839             
48671      | 48671               | 97840             
48673      | 48673               | 97841             
48674      | 48674               | 97842             
48677      | 48677               | 97843             
48679      | 48679               | 97844             
48682      | 48682               | 97845             
48685      | 48685               | 97846             
48694      | 48694               | 97847             
48698      | 48698               | 97848             
48701      | 48701               | 97849             
48706      | 48706               | 97850             
48708      | 48708               | 97851             
48712      | 48712               | 97852             
48721      | 48721               | 97853             
48723      | 48723               | 97854             
48725      | 48725               | 97855             
4873       | 4873                | 97856             
48736      | 48736               | 97857             
48741      | 48741               | 97858             
48745      | 48745               | 97859             
48748      | 48748               | 97860             
48749      | 48749               | 97861             
48750      | 48750               | 97862             
48751      | 48751               | 97863             
48764      | 48764               | 97864             
48766      | 48766               | 97865             
48768      | 48768               | 97866             
4878       | 4878                | 97867             
48781      | 48781               | 97868             
48783      | 48783               | 97869             
48792      | 48792               | 97870             
48794      | 48794               | 97871             
48801      | 48801               | 97872             
48807      | 48807               | 97873             
4881       | 4881                | 97874             
48817      | 48817               | 97875             
48818      | 48818               | 97876             
48829      | 48829               | 97877             
4883       | 4883                | 97878             
48830      | 48830               | 97879             
48834      | 48834               | 97880             
48836      | 48836               | 97881             
4884       | 4884                | 97882             
48847      | 48847               | 97883             
48854      | 48854               | 97884             
48859      | 48859               | 97885             
4886       | 4886                | 97886             
48862      | 48862               | 97887             
48867      | 48867               | 97888             
48869      | 48869               | 97889             
48874      | 48874               | 97890             
48883      | 48883               | 97891             
48884      | 48884               | 97892             
48887      | 48887               | 97893             
48889      | 48889               | 97894             
48890      | 48890               | 97895             
48891      | 48891               | 97896             
48893      | 48893               | 97897             
48895      | 48895               | 97898             
48898      | 48898               | 97899             
48900      | 48900               | 97900             
48902      | 48902               | 97901             
48905      | 48905               | 97902             
48906      | 48906               | 97903             
4891       | 4891                | 97904             
48910      | 48910               | 97905             
48912      | 48912               | 97906             
48914      | 48914               | 97907             
48918      | 48918               | 97908             
48920      | 48920               | 97909             
48921      | 48921               | 97910             
48926      | 48926               | 97911             
48930      | 48930               | 97912             
48933      | 48933               | 97913             
48937      | 48937               | 97914             
4894       | 4894                | 97915             
48945      | 48945               | 97916             
48949      | 48949               | 97917             
4895       | 4895                | 97918             
48951      | 48951               | 97919             
48954      | 48954               | 97920             
48955      | 48955               | 97921             
48956      | 48956               | 97922             
48966      | 48966               | 97923             
48972      | 48972               | 97924             
48976      | 48976               | 97925             
4898       | 4898                | 97926             
48985      | 48985               | 97927             
48989      | 48989               | 97928             
48992      | 48992               | 97929             
48998      | 48998               | 97930             
48999      | 48999               | 97931             
490        | 490                 | 97932             
4900       | 4900                | 97933             
49005      | 49005               | 97934             
49008      | 49008               | 97935             
49009      | 49009               | 97936             
4901       | 4901                | 97937             
49010      | 49010               | 97938             
49014      | 49014               | 97939             
4902       | 4902                | 97940             
49026      | 49026               | 97941             
49037      | 49037               | 97942             
49041      | 49041               | 97943             
49047      | 49047               | 97944             
49048      | 49048               | 97945             
49050      | 49050               | 97946             
49056      | 49056               | 97947             
49058      | 49058               | 97948             
49061      | 49061               | 97949             
49066      | 49066               | 97950             
49069      | 49069               | 97951             
49079      | 49079               | 97952             
49082      | 49082               | 97953             
49090      | 49090               | 97954             
49102      | 49102               | 97955             
49106      | 49106               | 97956             
49110      | 49110               | 97957             
49114      | 49114               | 97958             
49116      | 49116               | 97959             
49127      | 49127               | 97960             
49137      | 49137               | 97961             
49138      | 49138               | 97962             
4914       | 4914                | 97963             
49141      | 49141               | 97964             
49144      | 49144               | 97965             
49147      | 49147               | 97966             
49151      | 49151               | 97967             
49157      | 49157               | 97968             
49163      | 49163               | 97969             
49168      | 49168               | 97970             
49172      | 49172               | 97971             
49173      | 49173               | 97972             
49175      | 49175               | 97973             
49177      | 49177               | 97974             
49180      | 49180               | 97975             
49183      | 49183               | 97976             
49186      | 49186               | 97977             
4919       | 4919                | 97978             
49198      | 49198               | 97979             
4920       | 4920                | 97980             
49200      | 49200               | 97981             
49201      | 49201               | 97982             
49202      | 49202               | 97983             
49204      | 49204               | 97984             
49206      | 49206               | 97985             
49208      | 49208               | 97986             
49213      | 49213               | 97987             
49219      | 49219               | 97988             
49222      | 49222               | 97989             
49230      | 49230               | 97990             
49233      | 49233               | 97991             
49237      | 49237               | 97992             
49242      | 49242               | 97993             
49243      | 49243               | 97994             
49245      | 49245               | 97995             
49249      | 49249               | 97996             
4925       | 4925                | 97997             
49253      | 49253               | 97998             
49256      | 49256               | 97999             
49260      | 49260               | 98000             
49264      | 49264               | 98001             
49266      | 49266               | 98002             
49269      | 49269               | 98003             
49273      | 49273               | 98004             
49274      | 49274               | 98005             
4928       | 4928                | 98006             
49281      | 49281               | 98007             
49282      | 49282               | 98008             
49285      | 49285               | 98009             
49286      | 49286               | 98010             
49287      | 49287               | 98011             
49289      | 49289               | 98012             
49294      | 49294               | 98013             
49296      | 49296               | 98014             
49297      | 49297               | 98015             
49298      | 49298               | 98016             
493        | 493                 | 98017             
4930       | 4930                | 98018             
49302      | 49302               | 98019             
49304      | 49304               | 98020             
49305      | 49305               | 98021             
49308      | 49308               | 98022             
49310      | 49310               | 98023             
49314      | 49314               | 98024             
49319      | 49319               | 98025             
4932       | 4932                | 98026             
49321      | 49321               | 98027             
49327      | 49327               | 98028             
49333      | 49333               | 98029             
49337      | 49337               | 98030             
49342      | 49342               | 98031             
49344      | 49344               | 98032             
49350      | 49350               | 98033             
49352      | 49352               | 98034             
49358      | 49358               | 98035             
49363      | 49363               | 98036             
49365      | 49365               | 98037             
49366      | 49366               | 98038             
4937       | 4937                | 98039             
49375      | 49375               | 98040             
49383      | 49383               | 98041             
4939       | 4939                | 98042             
49391      | 49391               | 98043             
49395      | 49395               | 98044             
49397      | 49397               | 98045             
494        | 494                 | 98046             
4940       | 4940                | 98047             
49402      | 49402               | 98048             
49405      | 49405               | 98049             
49408      | 49408               | 98050             
49411      | 49411               | 98051             
49415      | 49415               | 98052             
49422      | 49422               | 98053             
49423      | 49423               | 98054             
49428      | 49428               | 98055             
49430      | 49430               | 98056             
49431      | 49431               | 98057             
49432      | 49432               | 98058             
49436      | 49436               | 98059             
49438      | 49438               | 98060             
4944       | 4944                | 98061             
49440      | 49440               | 98062             
49443      | 49443               | 98063             
49446      | 49446               | 98064             
49453      | 49453               | 98065             
49456      | 49456               | 98066             
49457      | 49457               | 98067             
49459      | 49459               | 98068             
49462      | 49462               | 98069             
49464      | 49464               | 98070             
4947       | 4947                | 98071             
49478      | 49478               | 98072             
49479      | 49479               | 98073             
49484      | 49484               | 98074             
49485      | 49485               | 98075             
49487      | 49487               | 98076             
49489      | 49489               | 98077             
49498      | 49498               | 98078             
4950       | 4950                | 98079             
49503      | 49503               | 98080             
49509      | 49509               | 98081             
4951       | 4951                | 98082             
49516      | 49516               | 98083             
49517      | 49517               | 98084             
49520      | 49520               | 98085             
49523      | 49523               | 98086             
49527      | 49527               | 98087             
49532      | 49532               | 98088             
49537      | 49537               | 98089             
49538      | 49538               | 98090             
49540      | 49540               | 98091             
49542      | 49542               | 98092             
49544      | 49544               | 98093             
49546      | 49546               | 98094             
49548      | 49548               | 98095             
4955       | 4955                | 98096             
49550      | 49550               | 98097             
49551      | 49551               | 98098             
49552      | 49552               | 98099             
49557      | 49557               | 98100             
49558      | 49558               | 98101             
49566      | 49566               | 98102             
49569      | 49569               | 98103             
49571      | 49571               | 98104             
49575      | 49575               | 98105             
4958       | 4958                | 98106             
49580      | 49580               | 98107             
49582      | 49582               | 98108             
49583      | 49583               | 98109             
49585      | 49585               | 98110             
49596      | 49596               | 98111             
49598      | 49598               | 98112             
49609      | 49609               | 98113             
4961       | 4961                | 98114             
49612      | 49612               | 98115             
49613      | 49613               | 98116             
49615      | 49615               | 98117             
49624      | 49624               | 98118             
49629      | 49629               | 98119             
49632      | 49632               | 98120             
49634      | 49634               | 98121             
49637      | 49637               | 98122             
49639      | 49639               | 98123             
4964       | 4964                | 98124             
49641      | 49641               | 98125             
49644      | 49644               | 98126             
49653      | 49653               | 98127             
49656      | 49656               | 98128             
49659      | 49659               | 98129             
49666      | 49666               | 98130             
49668      | 49668               | 98131             
49677      | 49677               | 98132             
49685      | 49685               | 98133             
49687      | 49687               | 98134             
49688      | 49688               | 98135             
49690      | 49690               | 98136             
49697      | 49697               | 98137             
49700      | 49700               | 98138             
4971       | 4971                | 98139             
49713      | 49713               | 98140             
49717      | 49717               | 98141             
49720      | 49720               | 98142             
49724      | 49724               | 98143             
49729      | 49729               | 98144             
49736      | 49736               | 98145             
49741      | 49741               | 98146             
49749      | 49749               | 98147             
49753      | 49753               | 98148             
49759      | 49759               | 98149             
49761      | 49761               | 98150             
49762      | 49762               | 98151             
49766      | 49766               | 98152             
49771      | 49771               | 98153             
49774      | 49774               | 98154             
49775      | 49775               | 98155             
4978       | 4978                | 98156             
49783      | 49783               | 98157             
49787      | 49787               | 98158             
4979       | 4979                | 98159             
49792      | 49792               | 98160             
49795      | 49795               | 98161             
49797      | 49797               | 98162             
4980       | 4980                | 98163             
49803      | 49803               | 98164             
49805      | 49805               | 98165             
49807      | 49807               | 98166             
49811      | 49811               | 98167             
49814      | 49814               | 98168             
49815      | 49815               | 98169             
49818      | 49818               | 98170             
49825      | 49825               | 98171             
49828      | 49828               | 98172             
4983       | 4983                | 98173             
49830      | 49830               | 98174             
49835      | 49835               | 98175             
49838      | 49838               | 98176             
4984       | 4984                | 98177             
49843      | 49843               | 98178             
49847      | 49847               | 98179             
49865      | 49865               | 98180             
49869      | 49869               | 98181             
49872      | 49872               | 98182             
49876      | 49876               | 98183             
49877      | 49877               | 98184             
4988       | 4988                | 98185             
49882      | 49882               | 98186             
49886      | 49886               | 98187             
49887      | 49887               | 98188             
49890      | 49890               | 98189             
49891      | 49891               | 98190             
49893      | 49893               | 98191             
49896      | 49896               | 98192             
49897      | 49897               | 98193             
4990       | 4990                | 98194             
49906      | 49906               | 98195             
49907      | 49907               | 98196             
49908      | 49908               | 98197             
49920      | 49920               | 98198             
4993       | 4993                | 98199             
49936      | 49936               | 98200             
49939      | 49939               | 98201             
49941      | 49941               | 98202             
49944      | 49944               | 98203             
49946      | 49946               | 98204             
49949      | 49949               | 98205             
4995       | 4995                | 98206             
49950      | 49950               | 98207             
49951      | 49951               | 98208             
49952      | 49952               | 98209             
49956      | 49956               | 98210             
4996       | 4996                | 98211             
49962      | 49962               | 98212             
49963      | 49963               | 98213             
49964      | 49964               | 98214             
49968      | 49968               | 98215             
49971      | 49971               | 98216             
49973      | 49973               | 98217             
49978      | 49978               | 98218             
49979      | 49979               | 98219             
49984      | 49984               | 98220             
49987      | 49987               | 98221             
49989      | 49989               | 98222             
49992      | 49992               | 98223             
49995      | 49995               | 98224             
49996      | 49996               | 98225             
49999      | 49999               | 98226             
5000       | 5000                | 98227             
5002       | 5002                | 98228             
5010       | 5010                | 98229             
5011       | 5011                | 98230             
5013       | 5013                | 98231             
5014       | 5014                | 98232             
5018       | 5018                | 98233             
5021       | 5021                | 98234             
5022       | 5022                | 98235             
5025       | 5025                | 98236             
5027       | 5027                | 98237             
5030       | 5030                | 98238             
5036       | 5036                | 98239             
5038       | 5038                | 98240             
5042       | 5042                | 98241             
5048       | 5048                | 98242             
5050       | 5050                | 98243             
5055       | 5055                | 98244             
5058       | 5058                | 98245             
5064       | 5064                | 98246             
5066       | 5066                | 98247             
5070       | 5070                | 98248             
5074       | 5074                | 98249             
5079       | 5079                | 98250             
5082       | 5082                | 98251             
5083       | 5083                | 98252             
5087       | 5087                | 98253             
5095       | 5095                | 98254             
5096       | 5096                | 98255             
5097       | 5097                | 98256             
5100       | 5100                | 98257             
5101       | 5101                | 98258             
5103       | 5103                | 98259             
5108       | 5108                | 98260             
511        | 511                 | 98261             
5114       | 5114                | 98262             
5127       | 5127                | 98263             
5128       | 5128                | 98264             
5132       | 5132                | 98265             
5137       | 5137                | 98266             
5138       | 5138                | 98267             
5143       | 5143                | 98268             
5144       | 5144                | 98269             
5149       | 5149                | 98270             
5150       | 5150                | 98271             
5151       | 5151                | 98272             
5152       | 5152                | 98273             
5153       | 5153                | 98274             
5159       | 5159                | 98275             
5162       | 5162                | 98276             
5163       | 5163                | 98277             
517        | 517                 | 98278             
5170       | 5170                | 98279             
5174       | 5174                | 98280             
5178       | 5178                | 98281             
5182       | 5182                | 98282             
5183       | 5183                | 98283             
5186       | 5186                | 98284             
520        | 520                 | 98285             
5201       | 5201                | 98286             
5202       | 5202                | 98287             
5204       | 5204                | 98288             
5208       | 5208                | 98289             
5209       | 5209                | 98290             
5210       | 5210                | 98291             
5211       | 5211                | 98292             
5215       | 5215                | 98293             
5219       | 5219                | 98294             
5229       | 5229                | 98295             
523        | 523                 | 98296             
5231       | 5231                | 98297             
5246       | 5246                | 98298             
5248       | 5248                | 98299             
5258       | 5258                | 98300             
5259       | 5259                | 98301             
526        | 526                 | 98302             
5263       | 5263                | 98303             
527        | 527                 | 98304             
5271       | 5271                | 98305             
5273       | 5273                | 98306             
5275       | 5275                | 98307             
5277       | 5277                | 98308             
5280       | 5280                | 98309             
5281       | 5281                | 98310             
5285       | 5285                | 98311             
529        | 529                 | 98312             
5297       | 5297                | 98313             
5303       | 5303                | 98314             
5305       | 5305                | 98315             
5310       | 5310                | 98316             
5313       | 5313                | 98317             
5322       | 5322                | 98318             
5330       | 5330                | 98319             
5335       | 5335                | 98320             
5340       | 5340                | 98321             
5341       | 5341                | 98322             
5347       | 5347                | 98323             
5352       | 5352                | 98324             
5353       | 5353                | 98325             
5356       | 5356                | 98326             
536        | 536                 | 98327             
5361       | 5361                | 98328             
5363       | 5363                | 98329             
5364       | 5364                | 98330             
5368       | 5368                | 98331             
5370       | 5370                | 98332             
5371       | 5371                | 98333             
5385       | 5385                | 98334             
5387       | 5387                | 98335             
5417       | 5417                | 98336             
5418       | 5418                | 98337             
5420       | 5420                | 98338             
5423       | 5423                | 98339             
5424       | 5424                | 98340             
5432       | 5432                | 98341             
5434       | 5434                | 98342             
544        | 544                 | 98343             
5441       | 5441                | 98344             
5445       | 5445                | 98345             
5446       | 5446                | 98346             
545        | 545                 | 98347             
5452       | 5452                | 98348             
5453       | 5453                | 98349             
5458       | 5458                | 98350             
5460       | 5460                | 98351             
5466       | 5466                | 98352             
5469       | 5469                | 98353             
547        | 547                 | 98354             
548        | 548                 | 98355             
5482       | 5482                | 98356             
5488       | 5488                | 98357             
5491       | 5491                | 98358             
5492       | 5492                | 98359             
5493       | 5493                | 98360             
5501       | 5501                | 98361             
5507       | 5507                | 98362             
551        | 551                 | 98363             
5514       | 5514                | 98364             
5516       | 5516                | 98365             
5519       | 5519                | 98366             
5522       | 5522                | 98367             
5526       | 5526                | 98368             
5527       | 5527                | 98369             
553        | 553                 | 98370             
5533       | 5533                | 98371             
5537       | 5537                | 98372             
5541       | 5541                | 98373             
5544       | 5544                | 98374             
5545       | 5545                | 98375             
555        | 555                 | 98376             
5559       | 5559                | 98377             
5562       | 5562                | 98378             
5564       | 5564                | 98379             
557        | 557                 | 98380             
5576       | 5576                | 98381             
5578       | 5578                | 98382             
5581       | 5581                | 98383             
5592       | 5592                | 98384             
5593       | 5593                | 98385             
5598       | 5598                | 98386             
5615       | 5615                | 98387             
5618       | 5618                | 98388             
5619       | 5619                | 98389             
5623       | 5623                | 98390             
5628       | 5628                | 98391             
5633       | 5633                | 98392             
5638       | 5638                | 98393             
5643       | 5643                | 98394             
565        | 565                 | 98395             
5650       | 5650                | 98396             
5652       | 5652                | 98397             
5653       | 5653                | 98398             
5657       | 5657                | 98399             
5662       | 5662                | 98400             
5664       | 5664                | 98401             
5665       | 5665                | 98402             
5669       | 5669                | 98403             
567        | 567                 | 98404             
5670       | 5670                | 98405             
5680       | 5680                | 98406             
5682       | 5682                | 98407             
5683       | 5683                | 98408             
5687       | 5687                | 98409             
5690       | 5690                | 98410             
5692       | 5692                | 98411             
57         | 57                  | 98412             
5700       | 5700                | 98413             
5702       | 5702                | 98414             
5706       | 5706                | 98415             
5707       | 5707                | 98416             
5708       | 5708                | 98417             
5710       | 5710                | 98418             
5720       | 5720                | 98419             
5728       | 5728                | 98420             
5733       | 5733                | 98421             
574        | 574                 | 98422             
5747       | 5747                | 98423             
5754       | 5754                | 98424             
576        | 576                 | 98425             
5760       | 5760                | 98426             
5765       | 5765                | 98427             
5770       | 5770                | 98428             
5772       | 5772                | 98429             
5773       | 5773                | 98430             
5774       | 5774                | 98431             
5782       | 5782                | 98432             
5787       | 5787                | 98433             
579        | 579                 | 98434             
5796       | 5796                | 98435             
58         | 58                  | 98436             
5800       | 5800                | 98437             
5803       | 5803                | 98438             
5805       | 5805                | 98439             
5809       | 5809                | 98440             
581        | 581                 | 98441             
5815       | 5815                | 98442             
5817       | 5817                | 98443             
5818       | 5818                | 98444             
5821       | 5821                | 98445             
5823       | 5823                | 98446             
583        | 583                 | 98447             
5831       | 5831                | 98448             
5833       | 5833                | 98449             
5834       | 5834                | 98450             
5838       | 5838                | 98451             
5839       | 5839                | 98452             
5844       | 5844                | 98453             
5845       | 5845                | 98454             
5846       | 5846                | 98455             
5847       | 5847                | 98456             
585        | 585                 | 98457             
5852       | 5852                | 98458             
5858       | 5858                | 98459             
5859       | 5859                | 98460             
5861       | 5861                | 98461             
5866       | 5866                | 98462             
5867       | 5867                | 98463             
587        | 587                 | 98464             
5876       | 5876                | 98465             
588        | 588                 | 98466             
5892       | 5892                | 98467             
590        | 590                 | 98468             
5900       | 5900                | 98469             
5905       | 5905                | 98470             
5908       | 5908                | 98471             
5909       | 5909                | 98472             
5912       | 5912                | 98473             
5923       | 5923                | 98474             
5926       | 5926                | 98475             
5928       | 5928                | 98476             
5930       | 5930                | 98477             
5931       | 5931                | 98478             
5932       | 5932                | 98479             
5935       | 5935                | 98480             
5937       | 5937                | 98481             
5939       | 5939                | 98482             
594        | 594                 | 98483             
5940       | 5940                | 98484             
5949       | 5949                | 98485             
5950       | 5950                | 98486             
5953       | 5953                | 98487             
5956       | 5956                | 98488             
5968       | 5968                | 98489             
5975       | 5975                | 98490             
5980       | 5980                | 98491             
5982       | 5982                | 98492             
5989       | 5989                | 98493             
599        | 599                 | 98494             
5991       | 5991                | 98495             
5993       | 5993                | 98496             
5994       | 5994                | 98497             
5995       | 5995                | 98498             
5996       | 5996                | 98499             
5999       | 5999                | 98500             
6000       | 6000                | 98501             
6012       | 6012                | 98502             
6015       | 6015                | 98503             
6016       | 6016                | 98504             
6018       | 6018                | 98505             
6019       | 6019                | 98506             
602        | 602                 | 98507             
6023       | 6023                | 98508             
6024       | 6024                | 98509             
6029       | 6029                | 98510             
6036       | 6036                | 98511             
6039       | 6039                | 98512             
6041       | 6041                | 98513             
6045       | 6045                | 98514             
6046       | 6046                | 98515             
6049       | 6049                | 98516             
6056       | 6056                | 98517             
6063       | 6063                | 98518             
6070       | 6070                | 98519             
6074       | 6074                | 98520             
6087       | 6087                | 98521             
6088       | 6088                | 98522             
609        | 609                 | 98523             
6090       | 6090                | 98524             
6094       | 6094                | 98525             
610        | 610                 | 98526             
6100       | 6100                | 98527             
6106       | 6106                | 98528             
6111       | 6111                | 98529             
6112       | 6112                | 98530             
6114       | 6114                | 98531             
6117       | 6117                | 98532             
6118       | 6118                | 98533             
6120       | 6120                | 98534             
6121       | 6121                | 98535             
6124       | 6124                | 98536             
6129       | 6129                | 98537             
6135       | 6135                | 98538             
6136       | 6136                | 98539             
6138       | 6138                | 98540             
6143       | 6143                | 98541             
6144       | 6144                | 98542             
6146       | 6146                | 98543             
6148       | 6148                | 98544             
6149       | 6149                | 98545             
617        | 617                 | 98546             
6171       | 6171                | 98547             
6176       | 6176                | 98548             
6181       | 6181                | 98549             
6184       | 6184                | 98550             
6186       | 6186                | 98551             
6187       | 6187                | 98552             
6188       | 6188                | 98553             
6189       | 6189                | 98554             
6193       | 6193                | 98555             
6198       | 6198                | 98556             
6201       | 6201                | 98557             
6205       | 6205                | 98558             
6212       | 6212                | 98559             
6214       | 6214                | 98560             
6219       | 6219                | 98561             
6234       | 6234                | 98562             
6236       | 6236                | 98563             
6248       | 6248                | 98564             
625        | 625                 | 98565             
6250       | 6250                | 98566             
6252       | 6252                | 98567             
6253       | 6253                | 98568             
6259       | 6259                | 98569             
6264       | 6264                | 98570             
6266       | 6266                | 98571             
6267       | 6267                | 98572             
6268       | 6268                | 98573             
6271       | 6271                | 98574             
6277       | 6277                | 98575             
6284       | 6284                | 98576             
6287       | 6287                | 98577             
6291       | 6291                | 98578             
6294       | 6294                | 98579             
6296       | 6296                | 98580             
6297       | 6297                | 98581             
630        | 630                 | 98582             
631        | 631                 | 98583             
6313       | 6313                | 98584             
6317       | 6317                | 98585             
6321       | 6321                | 98586             
6323       | 6323                | 98587             
6325       | 6325                | 98588             
6328       | 6328                | 98589             
6334       | 6334                | 98590             
634        | 634                 | 98591             
6346       | 6346                | 98592             
635        | 635                 | 98593             
6369       | 6369                | 98594             
6370       | 6370                | 98595             
6371       | 6371                | 98596             
6375       | 6375                | 98597             
6376       | 6376                | 98598             
638        | 638                 | 98599             
6382       | 6382                | 98600             
6388       | 6388                | 98601             
6390       | 6390                | 98602             
6391       | 6391                | 98603             
6392       | 6392                | 98604             
6395       | 6395                | 98605             
6396       | 6396                | 98606             
6398       | 6398                | 98607             
6403       | 6403                | 98608             
6405       | 6405                | 98609             
6408       | 6408                | 98610             
6412       | 6412                | 98611             
6416       | 6416                | 98612             
6420       | 6420                | 98613             
6422       | 6422                | 98614             
6431       | 6431                | 98615             
6437       | 6437                | 98616             
6444       | 6444                | 98617             
6445       | 6445                | 98618             
6447       | 6447                | 98619             
6448       | 6448                | 98620             
645        | 645                 | 98621             
6452       | 6452                | 98622             
6453       | 6453                | 98623             
6454       | 6454                | 98624             
6457       | 6457                | 98625             
6479       | 6479                | 98626             
6484       | 6484                | 98627             
6486       | 6486                | 98628             
6493       | 6493                | 98629             
6495       | 6495                | 98630             
65         | 65                  | 98631             
650        | 650                 | 98632             
6507       | 6507                | 98633             
6508       | 6508                | 98634             
6518       | 6518                | 98635             
6520       | 6520                | 98636             
6524       | 6524                | 98637             
653        | 653                 | 98638             
6535       | 6535                | 98639             
6537       | 6537                | 98640             
6538       | 6538                | 98641             
654        | 654                 | 98642             
6543       | 6543                | 98643             
6545       | 6545                | 98644             
655        | 655                 | 98645             
6556       | 6556                | 98646             
656        | 656                 | 98647             
6563       | 6563                | 98648             
6573       | 6573                | 98649             
6575       | 6575                | 98650             
6577       | 6577                | 98651             
6581       | 6581                | 98652             
6591       | 6591                | 98653             
6596       | 6596                | 98654             
660        | 660                 | 98655             
6607       | 6607                | 98656             
6609       | 6609                | 98657             
661        | 661                 | 98658             
6612       | 6612                | 98659             
6613       | 6613                | 98660             
6623       | 6623                | 98661             
6626       | 6626                | 98662             
6631       | 6631                | 98663             
6632       | 6632                | 98664             
6635       | 6635                | 98665             
6640       | 6640                | 98666             
6641       | 6641                | 98667             
6642       | 6642                | 98668             
6643       | 6643                | 98669             
6649       | 6649                | 98670             
6653       | 6653                | 98671             
6656       | 6656                | 98672             
6661       | 6661                | 98673             
6669       | 6669                | 98674             
6670       | 6670                | 98675             
6677       | 6677                | 98676             
6689       | 6689                | 98677             
669        | 669                 | 98678             
6699       | 6699                | 98679             
67         | 67                  | 98680             
6700       | 6700                | 98681             
6701       | 6701                | 98682             
6703       | 6703                | 98683             
6704       | 6704                | 98684             
6705       | 6705                | 98685             
6710       | 6710                | 98686             
6717       | 6717                | 98687             
6718       | 6718                | 98688             
6723       | 6723                | 98689             
6742       | 6742                | 98690             
6745       | 6745                | 98691             
6746       | 6746                | 98692             
6749       | 6749                | 98693             
675        | 675                 | 98694             
6758       | 6758                | 98695             
6760       | 6760                | 98696             
6765       | 6765                | 98697             
6767       | 6767                | 98698             
6768       | 6768                | 98699             
6776       | 6776                | 98700             
678        | 678                 | 98701             
6781       | 6781                | 98702             
6786       | 6786                | 98703             
6787       | 6787                | 98704             
68         | 68                  | 98705             
6800       | 6800                | 98706             
6803       | 6803                | 98707             
6805       | 6805                | 98708             
681        | 681                 | 98709             
6813       | 6813                | 98710             
6826       | 6826                | 98711             
6830       | 6830                | 98712             
6831       | 6831                | 98713             
6832       | 6832                | 98714             
6836       | 6836                | 98715             
6838       | 6838                | 98716             
6846       | 6846                | 98717             
6858       | 6858                | 98718             
6863       | 6863                | 98719             
6866       | 6866                | 98720             
6867       | 6867                | 98721             
6873       | 6873                | 98722             
6875       | 6875                | 98723             
6878       | 6878                | 98724             
6884       | 6884                | 98725             
6885       | 6885                | 98726             
6894       | 6894                | 98727             
6902       | 6902                | 98728             
6906       | 6906                | 98729             
6913       | 6913                | 98730             
6914       | 6914                | 98731             
6919       | 6919                | 98732             
6928       | 6928                | 98733             
6931       | 6931                | 98734             
6932       | 6932                | 98735             
6935       | 6935                | 98736             
6936       | 6936                | 98737             
6951       | 6951                | 98738             
6953       | 6953                | 98739             
6957       | 6957                | 98740             
6965       | 6965                | 98741             
6966       | 6966                | 98742             
6967       | 6967                | 98743             
6972       | 6972                | 98744             
6979       | 6979                | 98745             
6980       | 6980                | 98746             
6981       | 6981                | 98747             
6983       | 6983                | 98748             
699        | 699                 | 98749             
6990       | 6990                | 98750             
6991       | 6991                | 98751             
6998       | 6998                | 98752             
7          | 7                   | 98753             
700        | 700                 | 98754             
7001       | 7001                | 98755             
7008       | 7008                | 98756             
7010       | 7010                | 98757             
7011       | 7011                | 98758             
7013       | 7013                | 98759             
7018       | 7018                | 98760             
7021       | 7021                | 98761             
7037       | 7037                | 98762             
7038       | 7038                | 98763             
7040       | 7040                | 98764             
7043       | 7043                | 98765             
7053       | 7053                | 98766             
7057       | 7057                | 98767             
7065       | 7065                | 98768             
707        | 707                 | 98769             
7074       | 7074                | 98770             
7076       | 7076                | 98771             
7078       | 7078                | 98772             
7079       | 7079                | 98773             
7085       | 7085                | 98774             
7087       | 7087                | 98775             
7088       | 7088                | 98776             
709        | 709                 | 98777             
7091       | 7091                | 98778             
7092       | 7092                | 98779             
7098       | 7098                | 98780             
71         | 71                  | 98781             
710        | 710                 | 98782             
7102       | 7102                | 98783             
7105       | 7105                | 98784             
7107       | 7107                | 98785             
7109       | 7109                | 98786             
7110       | 7110                | 98787             
7113       | 7113                | 98788             
7120       | 7120                | 98789             
7122       | 7122                | 98790             
7123       | 7123                | 98791             
7125       | 7125                | 98792             
7129       | 7129                | 98793             
713        | 713                 | 98794             
7132       | 7132                | 98795             
7138       | 7138                | 98796             
7139       | 7139                | 98797             
7141       | 7141                | 98798             
7152       | 7152                | 98799             
7153       | 7153                | 98800             
7154       | 7154                | 98801             
7155       | 7155                | 98802             
7161       | 7161                | 98803             
7165       | 7165                | 98804             
7169       | 7169                | 98805             
7181       | 7181                | 98806             
7183       | 7183                | 98807             
7184       | 7184                | 98808             
7188       | 7188                | 98809             
7190       | 7190                | 98810             
7192       | 7192                | 98811             
7202       | 7202                | 98812             
7203       | 7203                | 98813             
7207       | 7207                | 98814             
7211       | 7211                | 98815             
7215       | 7215                | 98816             
7216       | 7216                | 98817             
7227       | 7227                | 98818             
7230       | 7230                | 98819             
7235       | 7235                | 98820             
724        | 724                 | 98821             
7240       | 7240                | 98822             
7241       | 7241                | 98823             
7253       | 7253                | 98824             
7254       | 7254                | 98825             
7255       | 7255                | 98826             
7257       | 7257                | 98827             
7258       | 7258                | 98828             
726        | 726                 | 98829             
7267       | 7267                | 98830             
7268       | 7268                | 98831             
7270       | 7270                | 98832             
7273       | 7273                | 98833             
7279       | 7279                | 98834             
7283       | 7283                | 98835             
7285       | 7285                | 98836             
7290       | 7290                | 98837             
7293       | 7293                | 98838             
7300       | 7300                | 98839             
7301       | 7301                | 98840             
7305       | 7305                | 98841             
7309       | 7309                | 98842             
7311       | 7311                | 98843             
7313       | 7313                | 98844             
7315       | 7315                | 98845             
732        | 732                 | 98846             
7321       | 7321                | 98847             
7325       | 7325                | 98848             
7339       | 7339                | 98849             
7340       | 7340                | 98850             
7351       | 7351                | 98851             
7353       | 7353                | 98852             
7354       | 7354                | 98853             
7356       | 7356                | 98854             
7362       | 7362                | 98855             
7372       | 7372                | 98856             
7373       | 7373                | 98857             
7377       | 7377                | 98858             
7378       | 7378                | 98859             
7379       | 7379                | 98860             
738        | 738                 | 98861             
7382       | 7382                | 98862             
7387       | 7387                | 98863             
7388       | 7388                | 98864             
7392       | 7392                | 98865             
7395       | 7395                | 98866             
7396       | 7396                | 98867             
7397       | 7397                | 98868             
7398       | 7398                | 98869             
740        | 740                 | 98870             
7404       | 7404                | 98871             
7406       | 7406                | 98872             
741        | 741                 | 98873             
7411       | 7411                | 98874             
7419       | 7419                | 98875             
7424       | 7424                | 98876             
7428       | 7428                | 98877             
7436       | 7436                | 98878             
7439       | 7439                | 98879             
7443       | 7443                | 98880             
7449       | 7449                | 98881             
7454       | 7454                | 98882             
7455       | 7455                | 98883             
7459       | 7459                | 98884             
7472       | 7472                | 98885             
7481       | 7481                | 98886             
7485       | 7485                | 98887             
749        | 749                 | 98888             
7491       | 7491                | 98889             
7496       | 7496                | 98890             
750        | 750                 | 98891             
7500       | 7500                | 98892             
7501       | 7501                | 98893             
7505       | 7505                | 98894             
7510       | 7510                | 98895             
7514       | 7514                | 98896             
7520       | 7520                | 98897             
7529       | 7529                | 98898             
7536       | 7536                | 98899             
7538       | 7538                | 98900             
7541       | 7541                | 98901             
7543       | 7543                | 98902             
7548       | 7548                | 98903             
7556       | 7556                | 98904             
7558       | 7558                | 98905             
7563       | 7563                | 98906             
7568       | 7568                | 98907             
7569       | 7569                | 98908             
7574       | 7574                | 98909             
7577       | 7577                | 98910             
7596       | 7596                | 98911             
760        | 760                 | 98912             
7613       | 7613                | 98913             
762        | 762                 | 98914             
7623       | 7623                | 98915             
7626       | 7626                | 98916             
7633       | 7633                | 98917             
7636       | 7636                | 98918             
7640       | 7640                | 98919             
7645       | 7645                | 98920             
7654       | 7654                | 98921             
7656       | 7656                | 98922             
7657       | 7657                | 98923             
7658       | 7658                | 98924             
7662       | 7662                | 98925             
7665       | 7665                | 98926             
7668       | 7668                | 98927             
7674       | 7674                | 98928             
7677       | 7677                | 98929             
7678       | 7678                | 98930             
7685       | 7685                | 98931             
7688       | 7688                | 98932             
7689       | 7689                | 98933             
7706       | 7706                | 98934             
771        | 771                 | 98935             
7710       | 7710                | 98936             
7712       | 7712                | 98937             
7714       | 7714                | 98938             
7719       | 7719                | 98939             
7721       | 7721                | 98940             
7724       | 7724                | 98941             
773        | 773                 | 98942             
7731       | 7731                | 98943             
7736       | 7736                | 98944             
774        | 774                 | 98945             
7740       | 7740                | 98946             
7743       | 7743                | 98947             
7747       | 7747                | 98948             
7753       | 7753                | 98949             
7755       | 7755                | 98950             
7759       | 7759                | 98951             
776        | 776                 | 98952             
7761       | 7761                | 98953             
7768       | 7768                | 98954             
777        | 777                 | 98955             
7784       | 7784                | 98956             
7786       | 7786                | 98957             
7787       | 7787                | 98958             
7789       | 7789                | 98959             
7791       | 7791                | 98960             
7799       | 7799                | 98961             
7800       | 7800                | 98962             
7801       | 7801                | 98963             
7807       | 7807                | 98964             
7811       | 7811                | 98965             
7813       | 7813                | 98966             
7814       | 7814                | 98967             
7821       | 7821                | 98968             
7832       | 7832                | 98969             
7833       | 7833                | 98970             
784        | 784                 | 98971             
7840       | 7840                | 98972             
7848       | 7848                | 98973             
7852       | 7852                | 98974             
7855       | 7855                | 98975             
7860       | 7860                | 98976             
7862       | 7862                | 98977             
7863       | 7863                | 98978             
7871       | 7871                | 98979             
788        | 788                 | 98980             
7881       | 7881                | 98981             
7887       | 7887                | 98982             
7888       | 7888                | 98983             
7891       | 7891                | 98984             
7894       | 7894                | 98985             
7895       | 7895                | 98986             
7899       | 7899                | 98987             
790        | 790                 | 98988             
7901       | 7901                | 98989             
7905       | 7905                | 98990             
7907       | 7907                | 98991             
7912       | 7912                | 98992             
7920       | 7920                | 98993             
7926       | 7926                | 98994             
7927       | 7927                | 98995             
7929       | 7929                | 98996             
793        | 793                 | 98997             
7931       | 7931                | 98998             
7934       | 7934                | 98999             
7935       | 7935                | 99000             
7936       | 7936                | 99001             
7937       | 7937                | 99002             
7943       | 7943                | 99003             
7949       | 7949                | 99004             
7956       | 7956                | 99005             
7962       | 7962                | 99006             
7967       | 7967                | 99007             
7985       | 7985                | 99008             
799        | 799                 | 99009             
7996       | 7996                | 99010             
80         | 80                  | 99011             
800        | 800                 | 99012             
8001       | 8001                | 99013             
8002       | 8002                | 99014             
8006       | 8006                | 99015             
801        | 801                 | 99016             
8012       | 8012                | 99017             
8020       | 8020                | 99018             
8022       | 8022                | 99019             
8027       | 8027                | 99020             
803        | 803                 | 99021             
8030       | 8030                | 99022             
8031       | 8031                | 99023             
8032       | 8032                | 99024             
8038       | 8038                | 99025             
8039       | 8039                | 99026             
8042       | 8042                | 99027             
8043       | 8043                | 99028             
8048       | 8048                | 99029             
8054       | 8054                | 99030             
8055       | 8055                | 99031             
8057       | 8057                | 99032             
8058       | 8058                | 99033             
8059       | 8059                | 99034             
8064       | 8064                | 99035             
8065       | 8065                | 99036             
8067       | 8067                | 99037             
8068       | 8068                | 99038             
8072       | 8072                | 99039             
8078       | 8078                | 99040             
8080       | 8080                | 99041             
8081       | 8081                | 99042             
8084       | 8084                | 99043             
8090       | 8090                | 99044             
8093       | 8093                | 99045             
8097       | 8097                | 99046             
8100       | 8100                | 99047             
811        | 811                 | 99048             
8110       | 8110                | 99049             
8111       | 8111                | 99050             
8114       | 8114                | 99051             
8121       | 8121                | 99052             
8122       | 8122                | 99053             
8124       | 8124                | 99054             
8128       | 8128                | 99055             
8129       | 8129                | 99056             
8131       | 8131                | 99057             
8137       | 8137                | 99058             
8143       | 8143                | 99059             
8153       | 8153                | 99060             
8156       | 8156                | 99061             
8161       | 8161                | 99062             
8162       | 8162                | 99063             
8163       | 8163                | 99064             
8165       | 8165                | 99065             
8166       | 8166                | 99066             
8168       | 8168                | 99067             
8169       | 8169                | 99068             
8171       | 8171                | 99069             
8175       | 8175                | 99070             
8178       | 8178                | 99071             
818        | 818                 | 99072             
8183       | 8183                | 99073             
8187       | 8187                | 99074             
8191       | 8191                | 99075             
8193       | 8193                | 99076             
8195       | 8195                | 99077             
8209       | 8209                | 99078             
821        | 821                 | 99079             
8210       | 8210                | 99080             
8214       | 8214                | 99081             
8216       | 8216                | 99082             
8219       | 8219                | 99083             
822        | 822                 | 99084             
8222       | 8222                | 99085             
8225       | 8225                | 99086             
8226       | 8226                | 99087             
8229       | 8229                | 99088             
8231       | 8231                | 99089             
8232       | 8232                | 99090             
8236       | 8236                | 99091             
8238       | 8238                | 99092             
8245       | 8245                | 99093             
8246       | 8246                | 99094             
8255       | 8255                | 99095             
8256       | 8256                | 99096             
8257       | 8257                | 99097             
8259       | 8259                | 99098             
8262       | 8262                | 99099             
8263       | 8263                | 99100             
8266       | 8266                | 99101             
8273       | 8273                | 99102             
8283       | 8283                | 99103             
8287       | 8287                | 99104             
8288       | 8288                | 99105             
829        | 829                 | 99106             
8290       | 8290                | 99107             
8292       | 8292                | 99108             
830        | 830                 | 99109             
8302       | 8302                | 99110             
8310       | 8310                | 99111             
8312       | 8312                | 99112             
8313       | 8313                | 99113             
8321       | 8321                | 99114             
8325       | 8325                | 99115             
8329       | 8329                | 99116             
8331       | 8331                | 99117             
8341       | 8341                | 99118             
8342       | 8342                | 99119             
8345       | 8345                | 99120             
8350       | 8350                | 99121             
8351       | 8351                | 99122             
8353       | 8353                | 99123             
8357       | 8357                | 99124             
836        | 836                 | 99125             
8361       | 8361                | 99126             
8366       | 8366                | 99127             
8367       | 8367                | 99128             
8369       | 8369                | 99129             
8373       | 8373                | 99130             
8376       | 8376                | 99131             
8379       | 8379                | 99132             
8380       | 8380                | 99133             
8384       | 8384                | 99134             
8391       | 8391                | 99135             
8395       | 8395                | 99136             
8396       | 8396                | 99137             
8397       | 8397                | 99138             
8398       | 8398                | 99139             
8399       | 8399                | 99140             
8401       | 8401                | 99141             
8407       | 8407                | 99142             
8409       | 8409                | 99143             
841        | 841                 | 99144             
8413       | 8413                | 99145             
8417       | 8417                | 99146             
8422       | 8422                | 99147             
8425       | 8425                | 99148             
8427       | 8427                | 99149             
8428       | 8428                | 99150             
8432       | 8432                | 99151             
8434       | 8434                | 99152             
8437       | 8437                | 99153             
8440       | 8440                | 99154             
8441       | 8441                | 99155             
8444       | 8444                | 99156             
8445       | 8445                | 99157             
8447       | 8447                | 99158             
845        | 845                 | 99159             
8451       | 8451                | 99160             
8453       | 8453                | 99161             
8459       | 8459                | 99162             
8461       | 8461                | 99163             
8468       | 8468                | 99164             
8469       | 8469                | 99165             
847        | 847                 | 99166             
8480       | 8480                | 99167             
8483       | 8483                | 99168             
8487       | 8487                | 99169             
849        | 849                 | 99170             
8492       | 8492                | 99171             
8494       | 8494                | 99172             
8495       | 8495                | 99173             
8499       | 8499                | 99174             
85         | 85                  | 99175             
8508       | 8508                | 99176             
8509       | 8509                | 99177             
8511       | 8511                | 99178             
8518       | 8518                | 99179             
8519       | 8519                | 99180             
852        | 852                 | 99181             
8523       | 8523                | 99182             
8529       | 8529                | 99183             
8539       | 8539                | 99184             
8543       | 8543                | 99185             
8544       | 8544                | 99186             
8546       | 8546                | 99187             
8547       | 8547                | 99188             
8548       | 8548                | 99189             
855        | 855                 | 99190             
8551       | 8551                | 99191             
8553       | 8553                | 99192             
856        | 856                 | 99193             
8563       | 8563                | 99194             
8566       | 8566                | 99195             
8569       | 8569                | 99196             
8573       | 8573                | 99197             
8574       | 8574                | 99198             
8576       | 8576                | 99199             
8578       | 8578                | 99200             
8579       | 8579                | 99201             
8588       | 8588                | 99202             
8590       | 8590                | 99203             
8591       | 8591                | 99204             
8595       | 8595                | 99205             
8597       | 8597                | 99206             
860        | 860                 | 99207             
8603       | 8603                | 99208             
8611       | 8611                | 99209             
8612       | 8612                | 99210             
8619       | 8619                | 99211             
862        | 862                 | 99212             
8620       | 8620                | 99213             
8625       | 8625                | 99214             
8630       | 8630                | 99215             
8632       | 8632                | 99216             
8637       | 8637                | 99217             
8645       | 8645                | 99218             
8649       | 8649                | 99219             
8651       | 8651                | 99220             
8653       | 8653                | 99221             
8656       | 8656                | 99222             
8657       | 8657                | 99223             
8659       | 8659                | 99224             
8673       | 8673                | 99225             
8674       | 8674                | 99226             
8679       | 8679                | 99227             
8685       | 8685                | 99228             
869        | 869                 | 99229             
8691       | 8691                | 99230             
8693       | 8693                | 99231             
8696       | 8696                | 99232             
87         | 87                  | 99233             
8702       | 8702                | 99234             
8716       | 8716                | 99235             
8717       | 8717                | 99236             
8720       | 8720                | 99237             
873        | 873                 | 99238             
8730       | 8730                | 99239             
8734       | 8734                | 99240             
8741       | 8741                | 99241             
8753       | 8753                | 99242             
8755       | 8755                | 99243             
8756       | 8756                | 99244             
8759       | 8759                | 99245             
876        | 876                 | 99246             
8760       | 8760                | 99247             
8762       | 8762                | 99248             
8766       | 8766                | 99249             
8778       | 8778                | 99250             
8779       | 8779                | 99251             
8783       | 8783                | 99252             
8786       | 8786                | 99253             
8791       | 8791                | 99254             
8793       | 8793                | 99255             
8794       | 8794                | 99256             
8798       | 8798                | 99257             
880        | 880                 | 99258             
8800       | 8800                | 99259             
8804       | 8804                | 99260             
8807       | 8807                | 99261             
8809       | 8809                | 99262             
8811       | 8811                | 99263             
8813       | 8813                | 99264             
8814       | 8814                | 99265             
8832       | 8832                | 99266             
8833       | 8833                | 99267             
8834       | 8834                | 99268             
8837       | 8837                | 99269             
8838       | 8838                | 99270             
8843       | 8843                | 99271             
8853       | 8853                | 99272             
8858       | 8858                | 99273             
8870       | 8870                | 99274             
8871       | 8871                | 99275             
8874       | 8874                | 99276             
8879       | 8879                | 99277             
8886       | 8886                | 99278             
8887       | 8887                | 99279             
8892       | 8892                | 99280             
8898       | 8898                | 99281             
8900       | 8900                | 99282             
8901       | 8901                | 99283             
8903       | 8903                | 99284             
8904       | 8904                | 99285             
891        | 891                 | 99286             
8914       | 8914                | 99287             
8919       | 8919                | 99288             
8924       | 8924                | 99289             
8929       | 8929                | 99290             
8941       | 8941                | 99291             
8942       | 8942                | 99292             
8944       | 8944                | 99293             
8945       | 8945                | 99294             
895        | 895                 | 99295             
8951       | 8951                | 99296             
8952       | 8952                | 99297             
8960       | 8960                | 99298             
8970       | 8970                | 99299             
8971       | 8971                | 99300             
8975       | 8975                | 99301             
8978       | 8978                | 99302             
8981       | 8981                | 99303             
8984       | 8984                | 99304             
8986       | 8986                | 99305             
8991       | 8991                | 99306             
8992       | 8992                | 99307             
9003       | 9003                | 99308             
9007       | 9007                | 99309             
9010       | 9010                | 99310             
9012       | 9012                | 99311             
902        | 902                 | 99312             
9023       | 9023                | 99313             
9024       | 9024                | 99314             
9033       | 9033                | 99315             
9038       | 9038                | 99316             
9046       | 9046                | 99317             
9047       | 9047                | 99318             
905        | 905                 | 99319             
9051       | 9051                | 99320             
9052       | 9052                | 99321             
9057       | 9057                | 99322             
9062       | 9062                | 99323             
9065       | 9065                | 99324             
907        | 907                 | 99325             
9071       | 9071                | 99326             
9072       | 9072                | 99327             
9080       | 9080                | 99328             
9087       | 9087                | 99329             
9093       | 9093                | 99330             
9097       | 9097                | 99331             
9104       | 9104                | 99332             
9108       | 9108                | 99333             
911        | 911                 | 99334             
9112       | 9112                | 99335             
9115       | 9115                | 99336             
9129       | 9129                | 99337             
9130       | 9130                | 99338             
9140       | 9140                | 99339             
9142       | 9142                | 99340             
9144       | 9144                | 99341             
9145       | 9145                | 99342             
9147       | 9147                | 99343             
9148       | 9148                | 99344             
9150       | 9150                | 99345             
9151       | 9151                | 99346             
9157       | 9157                | 99347             
9164       | 9164                | 99348             
9170       | 9170                | 99349             
9172       | 9172                | 99350             
9174       | 9174                | 99351             
9185       | 9185                | 99352             
9195       | 9195                | 99353             
9197       | 9197                | 99354             
9199       | 9199                | 99355             
92         | 92                  | 99356             
9214       | 9214                | 99357             
9216       | 9216                | 99358             
9226       | 9226                | 99359             
9230       | 9230                | 99360             
9232       | 9232                | 99361             
9241       | 9241                | 99362             
9242       | 9242                | 99363             
9243       | 9243                | 99364             
9244       | 9244                | 99365             
9246       | 9246                | 99366             
9247       | 9247                | 99367             
9251       | 9251                | 99368             
9252       | 9252                | 99369             
9257       | 9257                | 99370             
9258       | 9258                | 99371             
9259       | 9259                | 99372             
9260       | 9260                | 99373             
9262       | 9262                | 99374             
9272       | 9272                | 99375             
9275       | 9275                | 99376             
9276       | 9276                | 99377             
9282       | 9282                | 99378             
9287       | 9287                | 99379             
9288       | 9288                | 99380             
9289       | 9289                | 99381             
929        | 929                 | 99382             
9293       | 9293                | 99383             
9295       | 9295                | 99384             
9296       | 9296                | 99385             
9298       | 9298                | 99386             
930        | 930                 | 99387             
9300       | 9300                | 99388             
9303       | 9303                | 99389             
9304       | 9304                | 99390             
9306       | 9306                | 99391             
9312       | 9312                | 99392             
9318       | 9318                | 99393             
932        | 932                 | 99394             
9322       | 9322                | 99395             
9325       | 9325                | 99396             
9326       | 9326                | 99397             
9336       | 9336                | 99398             
934        | 934                 | 99399             
9344       | 9344                | 99400             
9346       | 9346                | 99401             
9359       | 9359                | 99402             
9360       | 9360                | 99403             
9362       | 9362                | 99404             
9364       | 9364                | 99405             
9365       | 9365                | 99406             
9366       | 9366                | 99407             
9369       | 9369                | 99408             
9370       | 9370                | 99409             
9371       | 9371                | 99410             
9372       | 9372                | 99411             
9373       | 9373                | 99412             
9375       | 9375                | 99413             
9387       | 9387                | 99414             
9396       | 9396                | 99415             
940        | 940                 | 99416             
9401       | 9401                | 99417             
9404       | 9404                | 99418             
9408       | 9408                | 99419             
941        | 941                 | 99420             
9410       | 9410                | 99421             
9413       | 9413                | 99422             
9420       | 9420                | 99423             
943        | 943                 | 99424             
9434       | 9434                | 99425             
9435       | 9435                | 99426             
9436       | 9436                | 99427             
944        | 944                 | 99428             
9440       | 9440                | 99429             
9447       | 9447                | 99430             
945        | 945                 | 99431             
9453       | 9453                | 99432             
9458       | 9458                | 99433             
9462       | 9462                | 99434             
9463       | 9463                | 99435             
9471       | 9471                | 99436             
9473       | 9473                | 99437             
9475       | 9475                | 99438             
9476       | 9476                | 99439             
9477       | 9477                | 99440             
9481       | 9481                | 99441             
9483       | 9483                | 99442             
9486       | 9486                | 99443             
9489       | 9489                | 99444             
9490       | 9490                | 99445             
9491       | 9491                | 99446             
95         | 95                  | 99447             
9500       | 9500                | 99448             
9504       | 9504                | 99449             
9506       | 9506                | 99450             
9507       | 9507                | 99451             
9509       | 9509                | 99452             
951        | 951                 | 99453             
9511       | 9511                | 99454             
9515       | 9515                | 99455             
952        | 952                 | 99456             
9522       | 9522                | 99457             
9526       | 9526                | 99458             
953        | 953                 | 99459             
9531       | 9531                | 99460             
9536       | 9536                | 99461             
9539       | 9539                | 99462             
9541       | 9541                | 99463             
9542       | 9542                | 99464             
9547       | 9547                | 99465             
9551       | 9551                | 99466             
9555       | 9555                | 99467             
9559       | 9559                | 99468             
9561       | 9561                | 99469             
9562       | 9562                | 99470             
957        | 957                 | 99471             
9570       | 9570                | 99472             
9572       | 9572                | 99473             
9575       | 9575                | 99474             
9576       | 9576                | 99475             
9578       | 9578                | 99476             
958        | 958                 | 99477             
9580       | 9580                | 99478             
9586       | 9586                | 99479             
9596       | 9596                | 99480             
9597       | 9597                | 99481             
9606       | 9606                | 99482             
9607       | 9607                | 99483             
9609       | 9609                | 99484             
9615       | 9615                | 99485             
9622       | 9622                | 99486             
9628       | 9628                | 99487             
9629       | 9629                | 99488             
9635       | 9635                | 99489             
9638       | 9638                | 99490             
9639       | 9639                | 99491             
9644       | 9644                | 99492             
9649       | 9649                | 99493             
9654       | 9654                | 99494             
9658       | 9658                | 99495             
966        | 966                 | 99496             
9661       | 9661                | 99497             
9663       | 9663                | 99498             
9664       | 9664                | 99499             
9665       | 9665                | 99500             
9671       | 9671                | 99501             
9676       | 9676                | 99502             
9678       | 9678                | 99503             
9680       | 9680                | 99504             
9682       | 9682                | 99505             
9683       | 9683                | 99506             
9692       | 9692                | 99507             
970        | 970                 | 99508             
9706       | 9706                | 99509             
9711       | 9711                | 99510             
9721       | 9721                | 99511             
9722       | 9722                | 99512             
9723       | 9723                | 99513             
9725       | 9725                | 99514             
9727       | 9727                | 99515             
9730       | 9730                | 99516             
9732       | 9732                | 99517             
9734       | 9734                | 99518             
9735       | 9735                | 99519             
974        | 974                 | 99520             
975        | 975                 | 99521             
9752       | 9752                | 99522             
9765       | 9765                | 99523             
9771       | 9771                | 99524             
9772       | 9772                | 99525             
9776       | 9776                | 99526             
9778       | 9778                | 99527             
9779       | 9779                | 99528             
978        | 978                 | 99529             
9780       | 9780                | 99530             
9787       | 9787                | 99531             
9788       | 9788                | 99532             
9790       | 9790                | 99533             
9792       | 9792                | 99534             
9794       | 9794                | 99535             
9796       | 9796                | 99536             
9802       | 9802                | 99537             
9807       | 9807                | 99538             
9808       | 9808                | 99539             
9809       | 9809                | 99540             
9813       | 9813                | 99541             
9814       | 9814                | 99542             
982        | 982                 | 99543             
9820       | 9820                | 99544             
9821       | 9821                | 99545             
9822       | 9822                | 99546             
9826       | 9826                | 99547             
9827       | 9827                | 99548             
9832       | 9832                | 99549             
9833       | 9833                | 99550             
9839       | 9839                | 99551             
9844       | 9844                | 99552             
9847       | 9847                | 99553             
9849       | 9849                | 99554             
9853       | 9853                | 99555             
9862       | 9862                | 99556             
9869       | 9869                | 99557             
9872       | 9872                | 99558             
9879       | 9879                | 99559             
9881       | 9881                | 99560             
9890       | 9890                | 99561             
9898       | 9898                | 99562             
9899       | 9899                | 99563             
99         | 99                  | 99564             
9901       | 9901                | 99565             
9916       | 9916                | 99566             
9917       | 9917                | 99567             
9919       | 9919                | 99568             
9921       | 9921                | 99569             
9922       | 9922                | 99570             
9926       | 9926                | 99571             
9927       | 9927                | 99572             
993        | 993                 | 99573             
9944       | 9944                | 99574             
9947       | 9947                | 99575             
9953       | 9953                | 99576             
9954       | 9954                | 99577             
9958       | 9958                | 99578             
9959       | 9959                | 99579             
996        | 996                 | 99580             
9962       | 9962                | 99581             
9964       | 9964                | 99582             
9965       | 9965                | 99583             
9970       | 9970                | 99584             
9971       | 9971                | 99585             
9972       | 9972                | 99586             
9976       | 9976                | 99587             
9979       | 9979                | 99588             
9981       | 9981                | 99589             
9984       | 9984                | 99590             
9985       | 9985                | 99591             
9986       | 9986                | 99592             
9990       | 9990                | 99593             
9992       | 9992                | 99594             
9995       | 9995                | 99595             
9997       | 9997                | 99596             
